Division,Équipe,Fichier_Logo
Regionale 1,Champagnole,champagnole.png
Regionale 3,Pierrefeucain,pierrefeucain.png
Regionale 1,Saintes,saintes.png
Regionale 2,Cercle Jules Ferry Rugby Fleury les Aubrais,cercle_jules_ferry_rugby_fleury_les_aubrais.png
Regionale 1,L Agglomeration Cergy Pontoise,l_agglomeration_cergy_pontoise.png
Regionale 1,RHONE SPORTI,rhone_sporti.png
Regionale 3,Marseillais,marseillais.png
Regionale 3,Billomois,billomois.png
Regionale 3,Pons,pons.png
Regionale 2,Arcol,arcol.png
Regionale 1,St Genis Laval,st_genis_laval.png
Regionale 2,Lisle-sur-Tarn,lisle-sur-tarn.png
Regionale 1,Bassoues Lupiac,bassoues_lupiac.png
Regionale 1,Arudy,arudy.png
Regionale 2,Lège Cap-Ferret,lge_cap-ferret.png
Regionale 1,Sainte Foy la Grande,sainte_foy_la_grande.png
Regionale 2,Foix,foix.png
Regionale 2,R C Riom Es Montagnes,r_c_riom_es_montagnes.png
Regionale 1,Chagny,chagny.png
Regionale 1,Eyrieux,eyrieux.png
Regionale 3,Loudun,loudun.png
Regionale 2,Maurs,maurs.png
Regionale 3,Sainte-Geneviève-des-Bois,sainte-genevive-des-bois.png
Regionale 3,Labastide-Beauvoir,labastide-beauvoir.png
Regionale 3,Chabeuillois,chabeuillois.png
Regionale 2,Montréjeau,montrjeau.png
Regionale 2,RUGBY UNION,rugby_union.png
Regionale 3,Deolois,deolois.png
Regionale 1,Garches Vaucresson,garches_vaucresson.png
Regionale 1,Lalinde,lalinde.png
Regionale 3,XV CREPYNOIS,xv_crepynois.png
Regionale 3,Labastide-Saint-Georges,labastide-saint-georges.png
Regionale 2,SC Rhétais,sc_rhtais.png
Regionale 2,Herouvillais,herouvillais.png
Regionale 1,Espalion,espalion.png
Regionale 3,Aurore de Vitre,aurore_de_vitre.png
Regionale 2,RUGBY SUD 77,rugby_sud_77.png
Regionale 2,Buxynoise,buxynoise.png
Regionale 1,Labatut,labatut.png
Regionale 3,Broceliande Rugby Paimpont,broceliande_rugby_paimpont.png
Regionale 2,Sainte-Bazeille,sainte-bazeille.png
Regionale 2,Chartreuse,chartreuse.png
Regionale 1,Sigean-Port La Nouvelle,sigean-port_la_nouvelle.png
Regionale 2,Le Beausset,le_beausset.png
Regionale 2,Thann,thann.png
Regionale 3,Sare Izarra,sare_izarra.png
Regionale 1,Terres de France,terres_de_france.png
Regionale 1,E M D  Plaine de L Ain,e_m_d__plaine_de_l_ain.png
Regionale 1,Dole,dole.png
Regionale 1,Nontron,nontron.png
Regionale 2,Bastia,bastia.png
Regionale 3,Montréal,montral.png
Regionale 1,St Simon,st_simon.png
Regionale 1,Joue,joue.png
Regionale 2,Fleury Salles Coursan,fleury_salles_coursan.png
Regionale 3,Penne Saint-Sylvestre,penne_saint-sylvestre.png
Regionale 3,Saint-Maixent-l&#039;Ecole,saint-maixent-l039ecole.png
Regionale 3,Plaisance,plaisance.png
Regionale 1,Quimper,quimper.png
Regionale 1,St Brieuc,st_brieuc.png
Regionale 1,Pessac,pessac.png
Regionale 3,Antony,antony.png
Regionale 2,Landivisien,landivisien.png
Regionale 3,Mézin,mzin.png
Regionale 3,Saint-André-de-Cubzac,saint-andr-de-cubzac.png
Regionale 3,Capdenac,capdenac.png
Regionale 2,Vesoul,vesoul.png
Regionale 2,Ramonville,ramonville.png
Regionale 2,Alfortville,alfortville.png
Regionale 3,Entente St Jean du Var - Corse 83,entente_st_jean_du_var_-_corse_83.png
Regionale 3,Les 3 Clochers,les_3_clochers.png
Regionale 2,Trélissac,trlissac.png
Regionale 2,Dampniat,dampniat.png
Regionale 2,RUGBY OUEST,rugby_ouest.png
Regionale 2,UNION RUGBY,union_rugby.png
Regionale 2,Saint-Symphorien-d&#039;Ozon,saint-symphorien-d039ozon.png
Regionale 2,M Montargis,m_montargis.png
Regionale 3,St Aulaire,st_aulaire.png
Regionale 3,La Barguillère,la_barguillre.png
Regionale 2,Stade de Reims,stade_de_reims.png
Regionale 1,R O CHOLETAI,r_o_choletai.png
Regionale 1,Saint-Herblain,saint-herblain.png
Regionale 1,Mont Saint Aignan,mont_saint_aignan.png
Regionale 1,Rives d&#039;Orb,rives_d039orb.png
Regionale 3,Faverges,faverges.png
Regionale 1,Vallée du Girou,valle_du_girou.png
Regionale 2,Iroise Saint Renan,iroise_saint_renan.png
Regionale 2,Privadois,privadois.png
Regionale 3,Donatien,donatien.png
Regionale 3,Touvet Pontcharra,touvet_pontcharra.png
Regionale 2,La Ravoire,la_ravoire.png
Regionale 3,Parentis,parentis.png
Regionale 3,Argentan,argentan.png
Regionale 2,Monteux,monteux.png
Regionale 3,RUGBY VAL D,rugby_val_d.png
Regionale 1,Nancy-Seichams,nancy-seichams.png
Regionale 1,Orsay,orsay.png
Regionale 2,US Aspoise Bedous,us_aspoise_bedous.png
Regionale 3,RUBGY CLUB M,rubgy_club_m.png
Regionale 1,Digne-les-Bains,digne-les-bains.png
Regionale 2,Canton de Marsanne,canton_de_marsanne.png
Regionale 3,Daglan,daglan.png
Regionale 1,Villeneuve d&#039;Asq/Lille,villeneuve_d039asqlille.png
Regionale 1,TLA,tla.png
Regionale 3,Tauch Corbières XV,tauch_corbires_xv.png
Regionale 2,Sidobre Montagne,sidobre_montagne.png
Regionale 3,Ciboure,ciboure.png
Regionale 2,Grace Guenrouet,grace_guenrouet.png
Regionale 3,RC Domes Sioule,rc_domes_sioule.png
Regionale 2,La Couronne,la_couronne.png
Regionale 3,Villers-les-Nancy,villers-les-nancy.png
Regionale 2,Val XV,val_xv.png
Regionale 3,Bassin Sud Minervois,bassin_sud_minervois.png
Regionale 1,C LEO LAGRAN,c_leo_lagran.png
Regionale 3,Bar-le-Duc,bar-le-duc.png
Regionale 1,Saint-Flour,saint-flour.png
Regionale 1,Orange,orange.png
Regionale 1,Egletons,egletons.png
Regionale 3,Ass Anciens Eleves de Leforest,ass_anciens_eleves_de_leforest.png
Regionale 2,Maureilhan,maureilhan.png
Regionale 2,Noves-Eyragues,noves-eyragues.png
Regionale 3,Arbois,arbois.png
Regionale 2,Saint-Apollinaire,saint-apollinaire.png
Regionale 1,Hayange,hayange.png
Regionale 1,Confluent RC,confluent_rc.png
Regionale 1,Millas,millas.png
Regionale 3,Cœur de Lomagne,cur_de_lomagne.png
Regionale 1,Paris XV,paris_xv.png
Regionale 1,Paris XO,paris_xo.png
Regionale 3,Mions,mions.png
Regionale 3,RUGBY OLYMPI,rugby_olympi.png
Regionale 3,Lapalissois,lapalissois.png
Regionale 2,Laon,laon.png
Regionale 1,Pays de Thiers,pays_de_thiers.png
Regionale 3,Amicale Laique des Jeunes de Limay,amicale_laique_des_jeunes_de_limay.png
Regionale 1,Mazères-Cassagne,mazres-cassagne.png
Regionale 3,Du Bocage Virois,du_bocage_virois.png
Regionale 2,Chameyrat,chameyrat.png
Regionale 1,ES Lembeye,es_lembeye.png
Regionale 1,Pouyastruc,pouyastruc.png
Regionale 1,Beaune,beaune.png
Regionale 1,Saint-Gaudens,saint-gaudens.png
Regionale 3,La Tour-du-Crieu,la_tour-du-crieu.png
Regionale 1,Saint-Céré,saint-cr.png
Regionale 1,Saint-Jean d&#039;Angely,saint-jean_d039angely.png
Regionale 2,Saint-Martin-de-Seignanx,saint-martin-de-seignanx.png
Regionale 2,Saint-Lary,saint-lary.png
Regionale 1,Moissac,moissac.png
Regionale 2,Lesperon Onesse,lesperon_onesse.png
Regionale 2,Ascain,ascain.png
Regionale 3,Villeneuve-lès-Maguelone,villeneuve-ls-maguelone.png
Regionale 1,Saint-Juery,saint-juery.png
Regionale 1,Orleans la Source,orleans_la_source.png
Regionale 1,Juillac Objat,juillac_objat.png
Regionale 2,Saint-Jory,saint-jory.png
Regionale 3,Blanc Mesnil Sports,blanc_mesnil_sports.png
Regionale 2,Tartas,tartas.png
Regionale 3,Coulommiers Pays de Brie,coulommiers_pays_de_brie.png
Regionale 2,Le Passage,le_passage.png
Regionale 3,Épinal-Golbey,pinal-golbey.png
Regionale 1,Vaulnaveys/Vizille,vaulnaveysvizille.png
Regionale 3,Pomarez Amou,pomarez_amou.png
Regionale 2,St Genes Champanelle,st_genes_champanelle.png
Regionale 3,Folles,folles.png
Regionale 2,Seine &amp; Oise Triel sur Seine,seine_amp_oise_triel_sur_seine.png
Regionale 2,La Têt,la_tt.png
Regionale 1,Salaise-sur-Sanne,salaise-sur-sanne.png
Regionale 3,XV SURANAIS,xv_suranais.png
Regionale 2,ENTENTE R C,entente_r_c.png
Regionale 1,Mimizan,mimizan.png
Regionale 3,Sainte-Florine,sainte-florine.png
Regionale 2,Montaigut Besse,montaigut_besse.png
Regionale 3,Bessan,bessan.png
Regionale 2,Olonzac,olonzac.png
Regionale 3,Aureilhan,aureilhan.png
Regionale 3,Biganos,biganos.png
Regionale 1,La Motte-Servolex,la_motte-servolex.png
Regionale 2,BUGEY OL CLU,bugey_ol_clu.png
Regionale 1,Vic-Fezensac,vic-fezensac.png
Regionale 3,Lavallois,lavallois.png
Regionale 1,Vallée du Gapeau,valle_du_gapeau.png
Regionale 2,Jarnac Rouillac,jarnac_rouillac.png
Regionale 1,Valréas,valras.png
Regionale 3,P Nogent le Rotrou,p_nogent_le_rotrou.png
Regionale 1,Saint-Sever,saint-sever.png
