Ligue,Équipe,Joueur,Poste,Lien Joueur
Nationale 2,Fleurance,Jeremy BARADA,N/A,N/A
Nationale 2,Fleurance,Romain ARNAUD,Deuxième ligne,https://rugbyamateur.fr/joueur/romain-arnaud/
Nationale 2,Fleurance,Matheo BOCQUERAZ,Pilier,https://rugbyamateur.fr/joueur/matheo-bocqueraz/
Nationale 2,Fleurance,Maxence DANOS GINESTET,Talonneur,https://rugbyamateur.fr/joueur/maxence-danos-ginestet/
Nationale 2,Fleurance,Eliot DARDENNE,Ailier,https://rugbyamateur.fr/joueur/eliot-dardenne/
Nationale 2,Fleurance,Gaetan DELCLAUX,Deuxième ligne,https://rugbyamateur.fr/joueur/gaetan-delclaux/
Nationale 2,Fleurance,Lazaro DESMERGER MARTIN,Demi de mêlée,https://rugbyamateur.fr/joueur/lazaro-desmerger-martin/
Nationale 2,Fleurance,Axel DUGROS,Centre,https://rugbyamateur.fr/joueur/axel-dugros/
Nationale 2,Fleurance,Sasha DUPRAT,Centre,https://rugbyamateur.fr/joueur/sasha-duprat/
Nationale 2,Fleurance,Paul ESPLANDES,Talonneur,https://rugbyamateur.fr/joueur/paul-esplandes/
Nationale 2,Fleurance,Giovanni GERMANETTO,N/A,https://rugbyamateur.fr/joueur/giovanni-germanetto/
Nationale 2,Fleurance,Thomas KIL,Ailier,https://rugbyamateur.fr/joueur/thomas-kil/
Nationale 2,Fleurance,Maximilien LAFAGE,N/A,https://rugbyamateur.fr/joueur/maximilien-lafage/
Nationale 2,Fleurance,Tristan LAFFORGUE,Troisième ligne,https://rugbyamateur.fr/joueur/tristan-lafforgue/
Nationale 2,Fleurance,Thimeo LETISSIER,Troisième ligne,https://rugbyamateur.fr/joueur/thimeo-letissier/
Nationale 2,Fleurance,Martin LLUELL,Centre,https://rugbyamateur.fr/joueur/martin-lluell/
Nationale 2,Fleurance,Louizon LOPEZ,N/A,https://rugbyamateur.fr/joueur/louizon-lopez/
Nationale 2,Fleurance,Quentin LORENZI,N/A,N/A
Nationale 2,Fleurance,Zoe AYLIES,Demi de mêlée,https://rugbyamateur.fr/joueur/zoe-aylies/
Nationale 2,Fleurance,Liloye BACH,Pilier,N/A
Nationale 2,Macon,Emma BIALOU,Talonneur,https://rugbyamateur.fr/joueur/emma-bialou/
Nationale 2,Macon,Juliette BOZONNET,Troisième ligne,N/A
Nationale 2,Macon,Leo ANGELS,Deuxième ligne,https://rugbyamateur.fr/joueur/leo-angels/
Nationale 2,Macon,Tikomaijapani BATIBASAGA,Deuxième ligne,https://rugbyamateur.fr/joueur/tikomaijapani-batibasaga/
Nationale 2,Macon,Simon BENOIST,Demi de mêlée,https://rugbyamateur.fr/joueur/simon-benoist/
Nationale 2,Macon,Sandro BUSCONI,Troisième ligne,https://rugbyamateur.fr/joueur/sandro-busconi/
Nationale 2,Macon,Emile CANIVET,Troisième ligne,https://rugbyamateur.fr/joueur/emile-canivet/
Nationale 2,Macon,Dany CAZORLA,Troisième ligne,https://rugbyamateur.fr/joueur/dany-cazorla/
Nationale 2,Macon,Esteban COURT,Ailier,https://rugbyamateur.fr/joueur/esteban-court/
Nationale 2,Macon,Yvan DELACRUZ,Ailier,https://rugbyamateur.fr/joueur/yvan-delacruz/
Nationale 2,Macon,Pierre Alexandre DUCLIEU,Talonneur,https://rugbyamateur.fr/joueur/pierre-alexandre-duclieu/
Nationale 2,Macon,Matheo FORAY,Troisième ligne,https://rugbyamateur.fr/joueur/matheo-foray/
Nationale 2,Macon,Cameron GREGORY RING,Centre,https://rugbyamateur.fr/joueur/cameron-gregory-ring/
Nationale 2,Macon,Nicolas JAECK,Troisième ligne,https://rugbyamateur.fr/joueur/nicolas-jaeck/
Nationale 2,Macon,Taniela KOROI,Pilier,https://rugbyamateur.fr/joueur/taniela-koroi/
Nationale 2,Macon,Werner Marius KOTZE,Deuxième ligne,https://rugbyamateur.fr/joueur/werner-marius-kotze/
Nationale 2,Macon,Mathieu LAMOULIE,Arrière,https://rugbyamateur.fr/joueur/mathieu-lamoulie/
Nationale 2,Macon,Paul LAULOGNON,Troisième ligne,https://rugbyamateur.fr/joueur/paul-laulognon/
Nationale 2,Macon,Florian LAVAUX,Demi d&#039;ouverture,https://rugbyamateur.fr/joueur/florian-lavaux/
Nationale 2,Macon,Thibault LE GALLEE,Arrière,https://rugbyamateur.fr/joueur/thibault-le-gallee/
Nationale 2,Macon,Marek LOUTOCKY,Deuxième ligne,N/A
Nationale 2,Macon,Iwan BAILLY,Centre,N/A
Nationale 2,Macon,Matteo AIME,Arrière,https://rugbyamateur.fr/joueur/matteo-aime/
Nationale 2,Macon,Benjamin ALVES,Pilier,https://rugbyamateur.fr/joueur/benjamin-alves/
Nationale 2,Macon,Christophe BELLATI,Deuxième ligne,https://rugbyamateur.fr/joueur/christophe-bellati/
Nationale 2,Macon,David BERT,Ailier,https://rugbyamateur.fr/joueur/david-bert/
Nationale 2,Macon,Maxime BESANCENOT,Troisième ligne,https://rugbyamateur.fr/joueur/maxime-besancenot/
Nationale 2,Macon,Alexandre CARRE,Troisième ligne,https://rugbyamateur.fr/joueur/alexandre-carre/
Nationale 2,Macon,Batiste DE LAURO,Demi d&#039;ouverture,https://rugbyamateur.fr/joueur/batiste-de-lauro/
Nationale 2,Macon,Theo DUFRESNE,Centre,https://rugbyamateur.fr/joueur/theo-dufresne/
Nationale 2,Macon,Alexandre FLEURY,Troisième ligne,https://rugbyamateur.fr/joueur/alexandre-fleury/
Nationale 2,Macon,Marvin FOREST,Deuxième ligne,https://rugbyamateur.fr/joueur/marvin-forest/
Nationale 2,Macon,Jonathan FRATER,Centre,https://rugbyamateur.fr/joueur/jonathan-frater/
Nationale 2,Macon,Constant GADAN,Troisième ligne,https://rugbyamateur.fr/joueur/constant-gadan/
Nationale 2,Macon,Maxence GUINOT,Pilier,https://rugbyamateur.fr/joueur/maxence-guinot/
Nationale 2,Macon,Romain HUDRY,Demi de mêlée,https://rugbyamateur.fr/joueur/romain-hudry/
Nationale 2,Macon,Mathieu HUGUEN,Troisième ligne,https://rugbyamateur.fr/joueur/mathieu-huguen/
Nationale 2,Macon,Alexandre JURY,Demi de mêlée,https://rugbyamateur.fr/joueur/alexandre-jury/
Nationale 2,Macon,Baptiste L HOSTE,Pilier,https://rugbyamateur.fr/joueur/baptiste-l-hoste/
Nationale 2,Macon,Benjamin MARLOT,Pilier,https://rugbyamateur.fr/joueur/benjamin-marlot/
Nationale 2,Macon,Nicolas MICHON,Talonneur,https://rugbyamateur.fr/joueur/nicolas-michon/
Nationale 2,Macon,Allan MOINE,Deuxième ligne,https://rugbyamateur.fr/joueur/allan-moine/
Nationale 2,Macon,Jeremy PANIER,Demi d&#039;ouverture,https://rugbyamateur.fr/joueur/jeremy-panier/
Nationale 2,Macon,Melvil RICHARD,Arrière,https://rugbyamateur.fr/joueur/melvil-richard/
Nationale 2,Macon,Eliott TRAVERS,Ailier,https://rugbyamateur.fr/joueur/eliott-travers/
Nationale 2,Macon,Edgar VINTEJOUX,Deuxième ligne,https://rugbyamateur.fr/joueur/edgar-vintejoux/
Nationale 2,Macon,Leandre BUFFLER,Deuxième ligne,https://rugbyamateur.fr/joueur/leandre-buffler/
Nationale 2,Macon,Nino DEL FABBRO,Arrière,https://rugbyamateur.fr/joueur/nino-del-fabbro/
Nationale 2,Macon,Marius DELCOURT,Ailier,https://rugbyamateur.fr/joueur/marius-delcourt/
Nationale 2,Macon,Charlie DEMONET,Demi de mêlée,https://rugbyamateur.fr/joueur/charlie-demonet/
Nationale 2,Macon,Charly DEQUE,Pilier,https://rugbyamateur.fr/joueur/charly-deque/
Nationale 2,Macon,Matis DUPONT,Centre,https://rugbyamateur.fr/joueur/matis-dupont/
Nationale 2,Macon,Nathan GARCIA,Talonneur,https://rugbyamateur.fr/joueur/nathan-garcia/
Nationale 2,Macon,Martin GIRARD,Demi d&#039;ouverture,https://rugbyamateur.fr/joueur/martin-girard/
Nationale 2,Macon,Jude GUIGNARD MILLET,Ailier,https://rugbyamateur.fr/joueur/jude-guignard-millet/
Nationale 2,Macon,Baptiste HAMBACHER,Troisième ligne,https://rugbyamateur.fr/joueur/baptiste-hambacher/
Nationale 2,Macon,Camille HERGOT,Talonneur,https://rugbyamateur.fr/joueur/camille-hergot/
Nationale 2,Macon,Arthur HORST,Pilier,https://rugbyamateur.fr/joueur/arthur-horst/
Nationale 2,Macon,Guillaume KELLER,Troisième ligne,https://rugbyamateur.fr/joueur/guillaume-keller/
Nationale 2,Macon,Antony Daniel Henri LABONDE,Deuxième ligne,https://rugbyamateur.fr/joueur/antony-daniel-henri-labonde/
Nationale 2,Macon,Matteo LAMONTRE,Ailier,https://rugbyamateur.fr/joueur/matteo-lamontre/
Nationale 2,Macon,Camille LARRIEU,Deuxième ligne,https://rugbyamateur.fr/joueur/camille-larrieu/
Nationale 2,Macon,Antonin MARZOCCHINI,Troisième ligne,https://rugbyamateur.fr/joueur/antonin-marzocchini/
Nationale 2,Macon,Leo MOLINA,Talonneur,https://rugbyamateur.fr/joueur/leo-molina/
Nationale 2,Macon,Maxence MOURLOT,Pilier,https://rugbyamateur.fr/joueur/maxence-mourlot/
Nationale 2,Macon,Romeo NABOYEV,Deuxième ligne,https://rugbyamateur.fr/joueur/romeo-naboyev/
Nationale 2,Macon,Axel NETH,Arrière,https://rugbyamateur.fr/joueur/axel-neth/
Nationale 2,Macon,Simon NONNENMACHER,Centre,https://rugbyamateur.fr/joueur/simon-nonnenmacher/
Nationale 2,Macon,Max NORET,Deuxième ligne,https://rugbyamateur.fr/joueur/max-noret/
Nationale 2,Macon,Auguste PAIN,Demi de mêlée,https://rugbyamateur.fr/joueur/auguste-pain/
Nationale 2,Macon,Hugo PIEJAK,Demi d&#039;ouverture,https://rugbyamateur.fr/joueur/hugo-piejak/
Nationale 2,Macon,Malo POTHERAT,Ailier,https://rugbyamateur.fr/joueur/malo-potherat/
Nationale 2,Macon,Antonin PREZELUS,Troisième ligne,https://rugbyamateur.fr/joueur/antonin-prezelus/
Nationale 2,Macon,Baptiste REGADE,Demi de mêlée,N/A
Nationale 2,Macon,Raphael ALIVAUD,Troisième ligne,https://rugbyamateur.fr/joueur/raphael-alivaud/
Nationale 2,Macon,Gabriel Anthony BARLET,Centre,https://rugbyamateur.fr/joueur/gabriel-anthony-barlet/
Nationale 2,Macon,Timon BARRE,N/A,https://rugbyamateur.fr/joueur/timon-barre/
Nationale 2,Macon,Tom BEAUCAMP,Troisième ligne,https://rugbyamateur.fr/joueur/tom-beaucamp/
Nationale 2,Macon,Victor BOST,Demi de mêlée,https://rugbyamateur.fr/joueur/victor-bost/
Nationale 2,Macon,Quentin DELPERIE,Centre,https://rugbyamateur.fr/joueur/quentin-delperie/
Nationale 2,Macon,Enzo DUFRESNE,Deuxième ligne,https://rugbyamateur.fr/joueur/enzo-dufresne/
Nationale 2,Macon,Francesco FABIANI,Centre,https://rugbyamateur.fr/joueur/francesco-fabiani/
Nationale 2,Macon,Sean Patrick GOHET,Centre,https://rugbyamateur.fr/joueur/sean-patrick-gohet/
Nationale 2,Macon,Julien GUY,N/A,https://rugbyamateur.fr/joueur/julien-guy/
Nationale 2,Macon,Idriss KIANI,Deuxième ligne,https://rugbyamateur.fr/joueur/idriss-kiani/
Nationale 2,Macon,Yanis KRABCHI,Pilier,https://rugbyamateur.fr/joueur/yanis-krabchi/
Nationale 2,Macon,Theo LE MEUR,Pilier,https://rugbyamateur.fr/joueur/theo-le-meur/
Nationale 2,Macon,Sacha LECLERCQ,Ailier,https://rugbyamateur.fr/joueur/sacha-leclercq/
Nationale 2,Macon,Eloi LECUYER,Troisième ligne,https://rugbyamateur.fr/joueur/eloi-lecuyer/
Nationale 2,Macon,Quentin LEGRAND,Talonneur,https://rugbyamateur.fr/joueur/quentin-legrand/
Nationale 2,Macon,Clement LIZABAULT,Deuxième ligne,https://rugbyamateur.fr/joueur/clement-lizabault/
Nationale 2,Macon,Yannick LUCOTTE,Ailier,https://rugbyamateur.fr/joueur/yannick-lucotte/
Nationale 2,Macon,Titouan MANDON,Ailier,https://rugbyamateur.fr/joueur/titouan-mandon/
Nationale 2,Macon,Hippolyte MATHON,Demi d&#039;ouverture,https://rugbyamateur.fr/joueur/hippolyte-mathon/
Nationale 2,Macon,Arthur Jean Philippe Maire Joseph MELIN,Arrière,https://rugbyamateur.fr/joueur/arthur-jean-philippe-maire-joseph-melin/
Nationale 2,Macon,Antoine MORIAUX PELISSIER,Arrière,https://rugbyamateur.fr/joueur/antoine-moriaux-pelissier/
Nationale 2,Macon,Virgile Jacky Jean PIERRAT,Troisième ligne,https://rugbyamateur.fr/joueur/virgile-jacky-jean-pierrat/
Nationale 2,Macon,Paul ROQUES,Ailier,https://rugbyamateur.fr/joueur/paul-roques/
Nationale 2,Macon,Loick SAISSET,Deuxième ligne,https://rugbyamateur.fr/joueur/loick-saisset/
Nationale 2,Macon,Edgar TRAVERS,N/A,https://rugbyamateur.fr/joueur/edgar-travers/
Nationale 2,Macon,Kevin BAUDIER CHERITAT,Pilier,https://rugbyamateur.fr/joueur/kevin-baudier-cheritat/
Nationale 2,Macon,Celyan CHAKMA,N/A,https://rugbyamateur.fr/joueur/celyan-chakma/
Nationale 2,Macon,Romain CHASTAN,Demi de mêlée,https://rugbyamateur.fr/joueur/romain-chastan/
Nationale 2,Macon,Kais DJANDOUBI BURTIN,N/A,https://rugbyamateur.fr/joueur/kais-djandoubi-burtin/
Nationale 2,Macon,Bastien DURANEL,Pilier,https://rugbyamateur.fr/joueur/bastien-duranel/
Nationale 2,Macon,Antoine FONTANILLES,Demi d&#039;ouverture,https://rugbyamateur.fr/joueur/antoine-fontanilles/
Nationale 2,Macon,Nathan FOURNIER,Centre,https://rugbyamateur.fr/joueur/nathan-fournier/
Nationale 2,Macon,Pierre Evan GONNET,Pilier,https://rugbyamateur.fr/joueur/pierre-evan-gonnet/
Nationale 2,Macon,Ayoub JEMAI,N/A,N/A
Nationale 2,Valence d&#039;Agen,Mathis BELLOC,Ailier,https://rugbyamateur.fr/joueur/mathis-belloc/
Nationale 2,Valence d&#039;Agen,Leo BERREDJEM,Pilier,https://rugbyamateur.fr/joueur/leo-berredjem/
Nationale 2,Valence d&#039;Agen,Lou BRAMARDI,Arrière,https://rugbyamateur.fr/joueur/lou-bramardi/
Nationale 2,Valence d&#039;Agen,Mael CAZALA,Demi d&#039;ouverture,https://rugbyamateur.fr/joueur/mael-cazala/
Nationale 2,Valence d&#039;Agen,Tom CREBESSEGUES,Demi d&#039;ouverture,https://rugbyamateur.fr/joueur/tom-crebessegues/
Nationale 2,Valence d&#039;Agen,Thelyo DELBECQUE,Ailier,https://rugbyamateur.fr/joueur/thelyo-delbecque/
Nationale 2,Valence d&#039;Agen,Clement DESFARGES,Deuxième ligne,https://rugbyamateur.fr/joueur/clement-desfarges/
Nationale 2,Valence d&#039;Agen,Gabin DONNADIEU,Ailier,https://rugbyamateur.fr/joueur/gabin-donnadieu/
Nationale 2,Valence d&#039;Agen,Bastien DUPUY,Troisième ligne,https://rugbyamateur.fr/joueur/bastien-dupuy/
Nationale 2,Valence d&#039;Agen,Younes GUERCH,Pilier,https://rugbyamateur.fr/joueur/younes-guerch/
Nationale 2,Valence d&#039;Agen,Kenzo HYM,Demi de mêlée,https://rugbyamateur.fr/joueur/kenzo-hym/
Nationale 2,Valence d&#039;Agen,Noah JOUBERT,N/A,https://rugbyamateur.fr/joueur/noah-joubert/
Nationale 2,Valence d&#039;Agen,Loic JOURDAM JAMES,Pilier,https://rugbyamateur.fr/joueur/loic-jourdam-james/
Nationale 2,Valence d&#039;Agen,Nolhan KAWA BREMOND,Ailier,https://rugbyamateur.fr/joueur/nolhan-kawa-bremond/
Nationale 2,Valence d&#039;Agen,Raphael LAGRANGE,Centre,https://rugbyamateur.fr/joueur/raphael-lagrange/
Nationale 2,Valence d&#039;Agen,Alessio LAJUNTA,Pilier,https://rugbyamateur.fr/joueur/alessio-lajunta/
Nationale 2,Valence d&#039;Agen,Clement LAJUNTA,N/A,https://rugbyamateur.fr/joueur/clement-lajunta/
Nationale 2,Valence d&#039;Agen,Lucas LAUZELY,Troisième ligne,https://rugbyamateur.fr/joueur/lucas-lauzely/
Nationale 2,Valence d&#039;Agen,Simon MIGNOT,Troisième ligne,https://rugbyamateur.fr/joueur/simon-mignot/
Nationale 2,Valence d&#039;Agen,Timote MOUSSARON,Deuxième ligne,https://rugbyamateur.fr/joueur/timote-moussaron/
Nationale 2,Valence d&#039;Agen,Gabin ORLIAC,Talonneur,https://rugbyamateur.fr/joueur/gabin-orliac/
Nationale 2,Valence d&#039;Agen,Gabriel PARDO,Deuxième ligne,https://rugbyamateur.fr/joueur/gabriel-pardo/
Nationale 2,Valence d&#039;Agen,Theo ROUAM,Pilier,https://rugbyamateur.fr/joueur/theo-rouam/
Nationale 2,Valence d&#039;Agen,Maxim RUIZ GARCIA,Deuxième ligne,https://rugbyamateur.fr/joueur/maxim-ruiz-garcia/
Nationale 2,Valence d&#039;Agen,Benito STRONIARZ,Ailier,https://rugbyamateur.fr/joueur/benito-stroniarz/
Nationale 2,Valence d&#039;Agen,Nathan TOUEILLE,Troisième ligne,https://rugbyamateur.fr/joueur/nathan-toueille/
Nationale 2,Annonay,Titouan ASTIER,Talonneur,https://rugbyamateur.fr/joueur/titouan-astier/
Nationale 2,Annonay,Isimeli BALEINADOGO,Troisième ligne,https://rugbyamateur.fr/joueur/isimeli-baleinadogo/
Nationale 2,Annonay,Sandro BARBATO,Demi de mêlée,https://rugbyamateur.fr/joueur/sandro-barbato/
Nationale 2,Annonay,Robin BARBE,N/A,N/A
Nationale 2,Floirac,Erwann ABDELKRIM,Ailier,https://rugbyamateur.fr/joueur/erwann-abdelkrim/
Nationale 2,Floirac,Tom BALERIN,Troisième ligne,https://rugbyamateur.fr/joueur/tom-balerin/
Nationale 2,Floirac,Arthurs BARBIER,Demi de mêlée,https://rugbyamateur.fr/joueur/arthurs-barbier/
Nationale 2,Floirac,Mateusz BARTOSZEK,Deuxième ligne,https://rugbyamateur.fr/joueur/mateusz-bartoszek/
Nationale 2,Floirac,Nicolas BELLIER,Deuxième ligne,https://rugbyamateur.fr/joueur/nicolas-bellier/
Nationale 2,Floirac,Achref BEN HAMOUDA,Pilier,https://rugbyamateur.fr/joueur/achref-ben-hamouda/
Nationale 2,Floirac,Laijiasa BOLENAIVALU,Troisième ligne,https://rugbyamateur.fr/joueur/laijiasa-bolenaivalu/
Nationale 2,Floirac,Thomas BORDES,Talonneur,https://rugbyamateur.fr/joueur/thomas-bordes/
Nationale 2,Floirac,Lucas BRETHES,Arrière,https://rugbyamateur.fr/joueur/lucas-brethes/
Nationale 2,Floirac,Baptiste CADIOU,Demi de mêlée,https://rugbyamateur.fr/joueur/baptiste-cadiou/
Nationale 2,Floirac,Elliot CARRIERE,Centre,https://rugbyamateur.fr/joueur/elliot-carriere/
Nationale 2,Floirac,Alexis CONANGLE,Centre,https://rugbyamateur.fr/joueur/alexis-conangle/
Nationale 2,Floirac,Isikeli Seva DAVETAWALU,Troisième ligne,https://rugbyamateur.fr/joueur/isikeli-seva-davetawalu/
Nationale 2,Floirac,Mathis DE CHAVAILLE,Centre,https://rugbyamateur.fr/joueur/mathis-de-chavaille/
Nationale 2,Floirac,Vincent DEBLADIS,Demi d&#039;ouverture,https://rugbyamateur.fr/joueur/vincent-debladis/
Nationale 2,Floirac,William FAOAGALI,Pilier,https://rugbyamateur.fr/joueur/william-faoagali/
Nationale 2,Floirac,Elisio FERNANDEZ,Pilier,N/A
Nationale 2,Floirac,Clement AMON,Centre,https://rugbyamateur.fr/joueur/clement-amon/
Nationale 2,Floirac,Abdoulaye Brice BANCE,Pilier,https://rugbyamateur.fr/joueur/abdoulaye-brice-bance/
Nationale 2,Floirac,Guillaume BERNADET,Troisième ligne,N/A
Nationale 2,Floirac,Ines ABROUS,Demi d&#039;ouverture,https://rugbyamateur.fr/joueur/ines-abrous/
Nationale 2,Floirac,Ines AHANA,Pilier,https://rugbyamateur.fr/joueur/ines-ahana/
Nationale 2,Floirac,Lana ANTONINI,Troisième ligne,https://rugbyamateur.fr/joueur/lana-antonini/
Nationale 2,Floirac,Noa BARRABES,Arrière,https://rugbyamateur.fr/joueur/noa-barrabes/
Nationale 2,Floirac,Kenza BENDIB,Pilier,N/A
Nationale 2,Floirac,Jules AURIOL,Demi de mêlée,https://rugbyamateur.fr/joueur/jules-auriol/
Nationale 2,Floirac,Tim BALENSI,Arrière,https://rugbyamateur.fr/joueur/tim-balensi/
Nationale 2,Floirac,Jules BERNADEAU LAFAYE,Troisième ligne,https://rugbyamateur.fr/joueur/jules-bernadeau-lafaye/
Nationale 2,Floirac,Mael BIGOT,Ailier,https://rugbyamateur.fr/joueur/mael-bigot/
Nationale 2,Floirac,Alix BRUSCHET,Demi de mêlée,https://rugbyamateur.fr/joueur/alix-bruschet/
Nationale 2,Floirac,Antoine BURETTE,Pilier,https://rugbyamateur.fr/joueur/antoine-burette/
Nationale 2,Floirac,Diego CARATERO,Pilier,https://rugbyamateur.fr/joueur/diego-caratero/
Nationale 2,Floirac,Paul CASTANDET,Talonneur,https://rugbyamateur.fr/joueur/paul-castandet/
Nationale 2,Floirac,Martin CHAIGNEAU COMINO,Centre,https://rugbyamateur.fr/joueur/martin-chaigneau-comino/
Nationale 2,Floirac,Gaston CLUZEAU,Ailier,https://rugbyamateur.fr/joueur/gaston-cluzeau/
Nationale 2,Floirac,Maxime CRUZ,Troisième ligne,https://rugbyamateur.fr/joueur/maxime-cruz/
Nationale 2,Floirac,Maxime DANTAS,Troisième ligne,https://rugbyamateur.fr/joueur/maxime-dantas/
Nationale 2,Floirac,Mahe DUCOS,N/A,https://rugbyamateur.fr/joueur/mahe-ducos/
Nationale 2,Floirac,Julien FRIBOURG BLANC,Centre,https://rugbyamateur.fr/joueur/julien-fribourg-blanc/
Nationale 2,Floirac,Valentin FRISACH,Pilier,https://rugbyamateur.fr/joueur/valentin-frisach/
Nationale 2,Floirac,Clement JAUDIER FEVRES,Ailier,https://rugbyamateur.fr/joueur/clement-jaudier-fevres/
Nationale 2,Floirac,Theo LAMARQUE,Deuxième ligne,https://rugbyamateur.fr/joueur/theo-lamarque/
Nationale 2,Floirac,Lucas LEGIER,Arrière,https://rugbyamateur.fr/joueur/lucas-legier/
Nationale 2,Floirac,Tom POUJARDIEU,Deuxième ligne,N/A
Nationale 2,Floirac,Arthur ALMANZA,Ailier,https://rugbyamateur.fr/joueur/arthur-almanza/
Nationale 2,Floirac,Charly BERRIE,Pilier,https://rugbyamateur.fr/joueur/charly-berrie/
Nationale 2,Floirac,Hugo BORDA,Troisième ligne,https://rugbyamateur.fr/joueur/hugo-borda/
Nationale 2,Floirac,Matisse BORDA,Ailier,https://rugbyamateur.fr/joueur/matisse-borda/
Nationale 2,Floirac,Tom BOURBON,Centre,https://rugbyamateur.fr/joueur/tom-bourbon/
Nationale 2,Floirac,Lucas CAZIMAJOU,Deuxième ligne,https://rugbyamateur.fr/joueur/lucas-cazimajou/
Nationale 2,Floirac,Lukas DELCLUSE,Troisième ligne,https://rugbyamateur.fr/joueur/lukas-delcluse/
Nationale 2,Floirac,Timote FARINEAUX,Talonneur,https://rugbyamateur.fr/joueur/timote-farineaux/
Nationale 2,Floirac,Titouan FLOCH,Talonneur,https://rugbyamateur.fr/joueur/titouan-floch/
Nationale 2,Floirac,Nicolas GARBAY,Demi d&#039;ouverture,https://rugbyamateur.fr/joueur/nicolas-garbay/
Nationale 2,Floirac,Livio GOMEZ DALBON,Pilier,https://rugbyamateur.fr/joueur/livio-gomez-dalbon/
Nationale 2,Floirac,Tom GUILBERT,Deuxième ligne,https://rugbyamateur.fr/joueur/tom-guilbert/
Nationale 2,Floirac,Emir KHELIFA,Pilier,https://rugbyamateur.fr/joueur/emir-khelifa/
Nationale 2,Floirac,Eddy KRABA DE LA CONCEPTION,Troisième ligne,https://rugbyamateur.fr/joueur/eddy-kraba-de-la-conception/
Nationale 2,Floirac,Mathis LACOSTE,N/A,https://rugbyamateur.fr/joueur/mathis-lacoste/
Nationale 2,Floirac,Iban LARRALDE,N/A,https://rugbyamateur.fr/joueur/iban-larralde/
Nationale 2,Floirac,Alexis LEPROVOST DE SAINT JEAN,Ailier,https://rugbyamateur.fr/joueur/alexis-leprovost-de-saint-jean/
Nationale 2,Floirac,Clement Antoine Louis MACOU PISSEU,Demi de mêlée,https://rugbyamateur.fr/joueur/clement-antoine-louis-macou-pisseu/
Nationale 2,Floirac,Mael MILEMONT BANDERA,Pilier,https://rugbyamateur.fr/joueur/mael-milemont-bandera/
Nationale 2,Floirac,Matis OLTHOFF,Troisième ligne,https://rugbyamateur.fr/joueur/matis-olthoff/
Nationale 2,Floirac,Antonin PALLUAULT,Centre,https://rugbyamateur.fr/joueur/antonin-palluault/
Nationale 2,Floirac,Evan SAUBOUA,Pilier,https://rugbyamateur.fr/joueur/evan-sauboua/
Nationale 2,Floirac,Ismael SCHWARZ MILLET,Ailier,https://rugbyamateur.fr/joueur/ismael-schwarz-millet/
Nationale 2,Floirac,Ruben SLOWIK ORTIZ CANO,Centre,https://rugbyamateur.fr/joueur/ruben-slowik-ortiz-cano/
Nationale 2,Floirac,Imanol TISSIER,Arrière,https://rugbyamateur.fr/joueur/imanol-tissier/
Nationale 2,Floirac,Hugo TOUTENUIT,Demi d&#039;ouverture,https://rugbyamateur.fr/joueur/hugo-toutenuit/
Nationale 2,Floirac,George VULAKORO,Pilier,https://rugbyamateur.fr/joueur/george-vulakoro/
Nationale 2,Floirac,Simeon WEMAERE,Deuxième ligne,https://rugbyamateur.fr/joueur/simeon-wemaere/
Nationale 2,Floirac,Baptiste YACHVILI,Demi de mêlée,https://rugbyamateur.fr/joueur/baptiste-yachvili/
Nationale 2,Floirac,Alban BACH,Troisième ligne,N/A
Nationale 2,Floirac,Mathis AIN,Ailier,https://rugbyamateur.fr/joueur/mathis-ain/
Nationale 2,Floirac,Ruben ALLEMAND,N/A,https://rugbyamateur.fr/joueur/ruben-allemand/
Nationale 2,Floirac,Raphael BELGOUZIA,Centre,https://rugbyamateur.fr/joueur/raphael-belgouzia/
Nationale 2,Floirac,Maxime BILLEAUD,Demi de mêlée,https://rugbyamateur.fr/joueur/maxime-billeaud/
Nationale 2,Floirac,Gabin BONO,Ailier,https://rugbyamateur.fr/joueur/gabin-bono/
Nationale 2,Floirac,Valentin BRUN,Pilier,https://rugbyamateur.fr/joueur/valentin-brun/
Nationale 2,Floirac,Jules CLICHY,Troisième ligne,N/A
Nationale 2,Peyrehorade,Viliamu AFATIA,Pilier,https://rugbyamateur.fr/joueur/viliamu-afatia/
Nationale 2,Peyrehorade,Nicolas ALACCHI,Deuxième ligne,N/A
Nationale 2,Peyrehorade,Leo BERROCQ IRIGOIN,Troisième ligne,N/A
Nationale 2,Peyrehorade,Sohan ATHEY,Troisième ligne,https://rugbyamateur.fr/joueur/sohan-athey/
Nationale 2,Peyrehorade,Teo BARERE,Demi de mêlée,https://rugbyamateur.fr/joueur/teo-barere/
Nationale 2,Peyrehorade,Oscar CASTAGNET,Ailier,https://rugbyamateur.fr/joueur/oscar-castagnet/
Nationale 2,Peyrehorade,Mathias CASTETS,Ailier,https://rugbyamateur.fr/joueur/mathias-castets/
Nationale 2,Peyrehorade,Paul CEREZ,Troisième ligne,https://rugbyamateur.fr/joueur/paul-cerez/
Nationale 2,Peyrehorade,Erkhembileg ENKHTUR,Pilier,https://rugbyamateur.fr/joueur/erkhembileg-enkhtur/
Nationale 2,Peyrehorade,Esteban FOSAR,Troisième ligne,https://rugbyamateur.fr/joueur/esteban-fosar/
Nationale 2,Peyrehorade,Enzo GASPAROTTO,Deuxième ligne,https://rugbyamateur.fr/joueur/enzo-gasparotto/
Nationale 2,Peyrehorade,Jon GROSSEMY,Ailier,https://rugbyamateur.fr/joueur/jon-grossemy/
Nationale 2,Peyrehorade,Timeo HOURCADE,Pilier,https://rugbyamateur.fr/joueur/timeo-hourcade/
Nationale 2,Peyrehorade,Paco INCHAUSPE PUNTOUS,N/A,https://rugbyamateur.fr/joueur/paco-inchauspe-puntous/
Nationale 2,Peyrehorade,Jean Baptiste LABACHE,Demi d&#039;ouverture,https://rugbyamateur.fr/joueur/jean-baptiste-labache/
Nationale 2,Peyrehorade,Nathan LABAT,Ailier,https://rugbyamateur.fr/joueur/nathan-labat/
Nationale 2,Peyrehorade,Lilian LAMBEZAT LABARRAQUE,Arrière,https://rugbyamateur.fr/joueur/lilian-lambezat-labarraque/
Nationale 2,Peyrehorade,Axel LANTIAT,Ailier,https://rugbyamateur.fr/joueur/axel-lantiat/
Nationale 2,Peyrehorade,Theo LAPEYRE,Troisième ligne,https://rugbyamateur.fr/joueur/theo-lapeyre/
Nationale 2,Peyrehorade,Eneko LARRE,Talonneur,https://rugbyamateur.fr/joueur/eneko-larre/
Nationale 2,Peyrehorade,Gauthier LASSALLE,N/A,https://rugbyamateur.fr/joueur/gauthier-lassalle/
Nationale 2,Peyrehorade,Louis LOUSTAUNAU LARRUE,Centre,https://rugbyamateur.fr/joueur/louis-loustaunau-larrue/
Nationale 2,Peyrehorade,Leo MAYADE,Deuxième ligne,https://rugbyamateur.fr/joueur/leo-mayade/
Nationale 2,Peyrehorade,Johan MAYS,N/A,https://rugbyamateur.fr/joueur/johan-mays/
Nationale 2,Peyrehorade,Yan MILHET,N/A,https://rugbyamateur.fr/joueur/yan-milhet/
Nationale 2,Peyrehorade,Remy MOLERES,Centre,https://rugbyamateur.fr/joueur/remy-moleres/
Nationale 2,Peyrehorade,Lou PERON,Deuxième ligne,https://rugbyamateur.fr/joueur/lou-peron/
Nationale 2,Peyrehorade,Leo SAPHARY,Troisième ligne,https://rugbyamateur.fr/joueur/leo-saphary/
Nationale 2,Peyrehorade,Lucas SIERRO,Centre,https://rugbyamateur.fr/joueur/lucas-sierro/
Nationale 2,Peyrehorade,Fuahea TIMO LUAKI,Troisième ligne,https://rugbyamateur.fr/joueur/fuahea-timo-luaki/
Nationale 2,Peyrehorade,Alexis VESELY,Ailier,https://rugbyamateur.fr/joueur/alexis-vesely/
Nationale 2,Peyrehorade,Camile BERNOS,N/A,https://rugbyamateur.fr/joueur/camile-bernos/
Nationale 2,Peyrehorade,Esteban BORDES LARREGLE,N/A,https://rugbyamateur.fr/joueur/esteban-bordes-larregle/
Nationale 2,Peyrehorade,Felicien CARRAU,Deuxième ligne,https://rugbyamateur.fr/joueur/felicien-carrau/
Nationale 2,Peyrehorade,Nathan DARTIGUE,Centre,N/A
Nationale 2,Auch,Enzo ARRAMON,N/A,https://rugbyamateur.fr/joueur/enzo-arramon/
Nationale 2,Auch,Justin BART,Demi de mêlée,https://rugbyamateur.fr/joueur/justin-bart/
Nationale 2,Auch,Enzo BELLAN CARBONNE,Troisième ligne,N/A
Nationale 2,Auch,Pierre AGUILLON,Centre,https://rugbyamateur.fr/joueur/pierre-aguillon/
Nationale 2,Auch,Benoît ALBERT,Centre,https://rugbyamateur.fr/joueur/benoit-albert-3/
Nationale 2,Auch,Hamid ARIF,Deuxième ligne,https://rugbyamateur.fr/joueur/hamid-arif/
Nationale 2,Auch,Mathieu BADEL,Pilier,https://rugbyamateur.fr/joueur/mathieu-badel/
Nationale 2,Auch,Fabien BARCELLA,Pilier,https://rugbyamateur.fr/joueur/fabien-barcella/
Nationale 2,Auch,Alexandre BAROZZI,Pilier,https://rugbyamateur.fr/joueur/alexandre-barozzi/
Nationale 2,Auch,Raphaël BASTIDE,Ailier,https://rugbyamateur.fr/joueur/raphael-bastide/
Nationale 2,Auch,Antoine BATTUT,Troisième ligne,https://rugbyamateur.fr/joueur/antoine-battut/
Nationale 2,Auch,Erwan BEROT,Arrière,https://rugbyamateur.fr/joueur/erwan-berot/
Nationale 2,Auch,Nicolas BONTINCK,Troisième ligne,https://rugbyamateur.fr/joueur/nicolas-bontinck/
Nationale 2,Auch,Sebastien BORTOLUCCI,Talonneur,https://rugbyamateur.fr/joueur/sebastien-bortolucci/
Nationale 2,Auch,Patrick BOSQUE,Ailier,https://rugbyamateur.fr/joueur/patrick-bosque/
Nationale 2,Auch,Thierry BRANA,Ailier,https://rugbyamateur.fr/joueur/thierry-brana/
Nationale 2,Auch,Sebastien BRUERE,Talonneur,https://rugbyamateur.fr/joueur/sebastien-bruere/
Nationale 2,Auch,Olivier CAISSO,Deuxième ligne,https://rugbyamateur.fr/joueur/olivier-caisso/
Nationale 2,Auch,Vincent CAMPO,Talonneur,https://rugbyamateur.fr/joueur/vincent-campo/
Nationale 2,Auch,Jérôme CHOLLEY,Deuxième ligne,N/A
Nationale 2,Rumilly,Samuel ANDRE CHARLIN,Troisième ligne,https://rugbyamateur.fr/joueur/samuel-andre-charlin/
Nationale 2,Rumilly,Lucian BARANI,Ailier,https://rugbyamateur.fr/joueur/lucian-barani/
Nationale 2,Rumilly,Matheo BUCHER,Ailier,N/A
Nationale 2,Rumilly,Marius BABOU,Arrière,https://rugbyamateur.fr/joueur/marius-babou/
Nationale 2,Rumilly,Gabriel BELLARD,Talonneur,https://rugbyamateur.fr/joueur/gabriel-bellard/
Nationale 2,Rumilly,Nathan BOINON,Pilier,https://rugbyamateur.fr/joueur/nathan-boinon/
Nationale 2,Rumilly,Clement BOURDELET,Ailier,https://rugbyamateur.fr/joueur/clement-bourdelet/
Nationale 2,Rumilly,Diego BUISSON LAPERROUSAZ,Deuxième ligne,https://rugbyamateur.fr/joueur/diego-buisson-laperrousaz/
Nationale 2,Rumilly,Benjamin CHARVIER,Demi de mêlée,https://rugbyamateur.fr/joueur/benjamin-charvier/
Nationale 2,Rumilly,Come CHARVIER,N/A,https://rugbyamateur.fr/joueur/come-charvier/
Nationale 2,Rumilly,Sacha CIARAVELLA,N/A,https://rugbyamateur.fr/joueur/sacha-ciaravella/
Nationale 2,Rumilly,Adrien DIMPRE,N/A,https://rugbyamateur.fr/joueur/adrien-dimpre/
Nationale 2,Rumilly,Gabin ESTEVE,Ailier,https://rugbyamateur.fr/joueur/gabin-esteve/
Nationale 2,Rumilly,Thomas FOURNIER,Troisième ligne,https://rugbyamateur.fr/joueur/thomas-fournier/
Nationale 2,Rumilly,Julian GENAND,Troisième ligne,https://rugbyamateur.fr/joueur/julian-genand/
Nationale 2,Rumilly,Cassian GOMEZ,Arrière,https://rugbyamateur.fr/joueur/cassian-gomez/
Nationale 2,Rumilly,Nathan GUILLOT,Troisième ligne,https://rugbyamateur.fr/joueur/nathan-guillot/
Nationale 2,Rumilly,Lucas HUBERT,Centre,https://rugbyamateur.fr/joueur/lucas-hubert/
Nationale 2,Rumilly,Loan IRIGOYEN,N/A,https://rugbyamateur.fr/joueur/loan-irigoyen/
Nationale 2,Rumilly,Aksel MALIGNON,Deuxième ligne,https://rugbyamateur.fr/joueur/aksel-malignon/
Nationale 2,Rumilly,Luka MERMILLOD DEBROUX,N/A,https://rugbyamateur.fr/joueur/luka-mermillod-debroux/
Nationale 2,Rumilly,Paul MILLON,Demi d&#039;ouverture,https://rugbyamateur.fr/joueur/paul-millon/
Nationale 2,Rumilly,Milan MOREL,Ailier,https://rugbyamateur.fr/joueur/milan-morel/
Nationale 2,Rumilly,Frederick NELSON,Centre,https://rugbyamateur.fr/joueur/frederick-nelson/
Nationale 2,Rumilly,Gauthier PERIGAULT,Ailier,https://rugbyamateur.fr/joueur/gauthier-perigault/
Nationale 2,Rumilly,Aaron PERROTIN,Centre,https://rugbyamateur.fr/joueur/aaron-perrotin/
Nationale 2,Rumilly,Emrys PERROUX,Deuxième ligne,https://rugbyamateur.fr/joueur/emrys-perroux/
Nationale 2,Rumilly,Raphael ROUX,Pilier,https://rugbyamateur.fr/joueur/raphael-roux/
Nationale 2,Rumilly,Clement TOURNIER,N/A,https://rugbyamateur.fr/joueur/clement-tournier/
Nationale 2,Rumilly,Nathao VASSEUR,Pilier,https://rugbyamateur.fr/joueur/nathao-vasseur/
Nationale 2,Tricastin,Matteo ARLAUD,Pilier,https://rugbyamateur.fr/joueur/matteo-arlaud/
Nationale 2,Tricastin,Ilyes BENAYAD,Troisième ligne,https://rugbyamateur.fr/joueur/ilyes-benayad/
Nationale 2,Tricastin,Lorenzo BLANC,Ailier,https://rugbyamateur.fr/joueur/lorenzo-blanc/
Nationale 2,Tricastin,Nolan CERVANTES,N/A,N/A
Nationale 2,Mauléon,Hugo ANACLETO,Ailier,https://rugbyamateur.fr/joueur/hugo-anacleto/
Nationale 2,Mauléon,Mateo AROSTEGUY,Troisième ligne,https://rugbyamateur.fr/joueur/mateo-arosteguy/
Nationale 2,Mauléon,Guillen BARLET,Demi d&#039;ouverture,https://rugbyamateur.fr/joueur/guillen-barlet/
Nationale 2,Mauléon,Remi ERBIN,N/A,https://rugbyamateur.fr/joueur/remi-erbin/
Nationale 2,Mauléon,Baptiste ETCHEBARNE,Deuxième ligne,https://rugbyamateur.fr/joueur/baptiste-etchebarne/
Nationale 2,Mauléon,Patxi ETCHEGOYHEN,Pilier,N/A
Nationale 2,Graulhet,Mateo ALQUIER,Talonneur,https://rugbyamateur.fr/joueur/mateo-alquier/
Nationale 2,Graulhet,Tristan ARQUIER FABRE,Deuxième ligne,https://rugbyamateur.fr/joueur/tristan-arquier-fabre/
Nationale 2,Graulhet,Louis AURIOL,Demi d&#039;ouverture,https://rugbyamateur.fr/joueur/louis-auriol/
Nationale 2,Graulhet,Maxence BARDOU,N/A,https://rugbyamateur.fr/joueur/maxence-bardou/
Nationale 2,Graulhet,Liam BASTOUL,Ailier,https://rugbyamateur.fr/joueur/liam-bastoul/
Nationale 2,Graulhet,Aidan BENAZECH,Deuxième ligne,https://rugbyamateur.fr/joueur/aidan-benazech/
Nationale 2,Graulhet,Timothee BENOIT,Deuxième ligne,https://rugbyamateur.fr/joueur/timothee-benoit/
Nationale 2,Graulhet,Pablo BONNAFOUS,Centre,https://rugbyamateur.fr/joueur/pablo-bonnafous/
Nationale 2,Graulhet,Leandre CATALA AURENSAN,N/A,https://rugbyamateur.fr/joueur/leandre-catala-aurensan/
Nationale 2,Graulhet,Jocelyn CHATEAU BLANC,Arrière,https://rugbyamateur.fr/joueur/jocelyn-chateau-blanc/
Nationale 2,Graulhet,Mouloukou Souleymane CISSE,Ailier,https://rugbyamateur.fr/joueur/mouloukou-souleymane-cisse/
Nationale 2,Graulhet,Eliot COUCHET,Ailier,https://rugbyamateur.fr/joueur/eliot-couchet/
Nationale 2,Graulhet,Lohan DURAND,N/A,https://rugbyamateur.fr/joueur/lohan-durand/
Nationale 2,Graulhet,Tanguy GLEIZES,Ailier,N/A
Nationale 2,Graulhet,Gabin ARROYOS PARIS,N/A,https://rugbyamateur.fr/joueur/gabin-arroyos-paris/
Nationale 2,Graulhet,Baptiste AYRAL,Demi d&#039;ouverture,https://rugbyamateur.fr/joueur/baptiste-ayral/
Nationale 2,Graulhet,Noe BARDET,Demi de mêlée,https://rugbyamateur.fr/joueur/noe-bardet/
Nationale 2,Graulhet,Lucas BERTAUX,Ailier,https://rugbyamateur.fr/joueur/lucas-bertaux/
Nationale 2,Graulhet,Theo BONNET,N/A,https://rugbyamateur.fr/joueur/theo-bonnet/
Nationale 2,Graulhet,Gabriel BRICARD,Ailier,https://rugbyamateur.fr/joueur/gabriel-bricard/
Nationale 2,Graulhet,Tom CARDONA,Deuxième ligne,https://rugbyamateur.fr/joueur/tom-cardona/
Nationale 2,Graulhet,Louis CLAVEL,Pilier,N/A
Nationale 2,Graulhet,Thomas ACQUIER,Talonneur,https://rugbyamateur.fr/joueur/thomas-acquier/
Nationale 2,Graulhet,Adrien AMANS,Demi d&#039;ouverture,https://rugbyamateur.fr/joueur/adrien-amans/
Nationale 2,Graulhet,Enzo AYELA,Talonneur,https://rugbyamateur.fr/joueur/enzo-ayela/
Nationale 2,Graulhet,Pierre BONNET,Troisième ligne,https://rugbyamateur.fr/joueur/pierre-bonnet/
Nationale 2,Graulhet,Dorian BONNIN,Troisième ligne,N/A
Nationale 2,Graulhet,Lena ALGIERI PAUTHE,Troisième ligne,https://rugbyamateur.fr/joueur/lena-algieri-pauthe/
Nationale 2,Graulhet,Clara ARROYO,Arrière,N/A
Nationale 2,Saint-Jean-de-Luz,Nicolas ACEBES,Ailier,N/A
Nationale 2,Saint-Jean-de-Luz,Tiago AGUERRE LOPEZ,Ailier,https://rugbyamateur.fr/joueur/tiago-aguerre-lopez/
Nationale 2,Saint-Jean-de-Luz,Rafael ALZUAGA,Demi de mêlée,https://rugbyamateur.fr/joueur/rafael-alzuaga/
Nationale 2,Saint-Jean-de-Luz,Victor ATTALI,Centre,https://rugbyamateur.fr/joueur/victor-attali/
Nationale 2,Saint-Jean-de-Luz,Aaron BELLOCQ,Talonneur,https://rugbyamateur.fr/joueur/aaron-bellocq/
Nationale 2,Saint-Jean-de-Luz,Paul BERLANDE PAGE,Centre,https://rugbyamateur.fr/joueur/paul-berlande-page/
Nationale 2,Saint-Jean-de-Luz,Hugo BONNEAUD,Demi d&#039;ouverture,https://rugbyamateur.fr/joueur/hugo-bonneaud/
Nationale 2,Saint-Jean-de-Luz,Esteban CASTAIGNAU,Demi d&#039;ouverture,https://rugbyamateur.fr/joueur/esteban-castaignau/
Nationale 2,Saint-Jean-de-Luz,Xabi DENIS CHERBERO,Ailier,https://rugbyamateur.fr/joueur/xabi-denis-cherbero/
Nationale 2,Saint-Jean-de-Luz,Iban DUHALDE,Pilier,https://rugbyamateur.fr/joueur/iban-duhalde/
Nationale 2,Saint-Jean-de-Luz,Zeian ERRANDONEA,Talonneur,https://rugbyamateur.fr/joueur/zeian-errandonea/
Nationale 2,Saint-Jean-de-Luz,Mattin ETCHEGARAY,Troisième ligne,https://rugbyamateur.fr/joueur/mattin-etchegaray/
Nationale 2,Saint-Jean-de-Luz,Ximun FRANCOISE AZARETE,N/A,https://rugbyamateur.fr/joueur/ximun-francoise-azarete/
Nationale 2,Saint-Jean-de-Luz,Louis GACHEN,Deuxième ligne,https://rugbyamateur.fr/joueur/louis-gachen/
Nationale 2,Saint-Jean-de-Luz,Unai GOIBURU,Demi de mêlée,https://rugbyamateur.fr/joueur/unai-goiburu/
Nationale 2,Saint-Jean-de-Luz,Amets GUIMON BASURCO,Deuxième ligne,https://rugbyamateur.fr/joueur/amets-guimon-basurco/
Nationale 2,Saint-Jean-de-Luz,Mathis GUISON,Centre,https://rugbyamateur.fr/joueur/mathis-guison/
Nationale 2,Saint-Jean-de-Luz,Ekain HARAMBOURE,Ailier,N/A
Nationale 2,Saint-Jean-de-Luz,Alaitz AGUIRRE,Talonneur,https://rugbyamateur.fr/joueur/alaitz-aguirre/
Nationale 2,Saint-Jean-de-Luz,Jade ALLANIC,Troisième ligne,https://rugbyamateur.fr/joueur/jade-allanic/
Nationale 2,Saint-Jean-de-Luz,Jone AMANTEGI,N/A,N/A
Nationale 2,Saint-Jean-de-Luz,Louis AMIGORENA,N/A,https://rugbyamateur.fr/joueur/louis-amigorena/
Nationale 2,Saint-Jean-de-Luz,Yohan BRANA LECONTE,Troisième ligne,https://rugbyamateur.fr/joueur/yohan-brana-leconte/
Nationale 2,Saint-Jean-de-Luz,Ioritz DUPEROU,Troisième ligne,https://rugbyamateur.fr/joueur/ioritz-duperou/
Nationale 2,Saint-Jean-de-Luz,Martin ESPONDE,Centre,https://rugbyamateur.fr/joueur/martin-esponde/
Nationale 2,Saint-Jean-de-Luz,Mikel ETCHENIC,N/A,https://rugbyamateur.fr/joueur/mikel-etchenic/
Nationale 2,Saint-Jean-de-Luz,Julen GURRUCHAGA,Pilier,https://rugbyamateur.fr/joueur/julen-gurruchaga/
Nationale 2,Saint-Jean-de-Luz,Kepa HARAMBOURE,Demi d&#039;ouverture,https://rugbyamateur.fr/joueur/kepa-haramboure/
Nationale 2,Saint-Jean-de-Luz,Maxence HAWROT,Deuxième ligne,https://rugbyamateur.fr/joueur/maxence-hawrot/
Nationale 2,Saint-Jean-de-Luz,Kepa HIRIBARREN AZARETE,Pilier,https://rugbyamateur.fr/joueur/kepa-hiribarren-azarete/
Nationale 2,Saint-Jean-de-Luz,Quentin HIRIBERRY,Talonneur,https://rugbyamateur.fr/joueur/quentin-hiriberry/
Nationale 2,Saint-Jean-de-Luz,Luca IGUINIZ,Demi d&#039;ouverture,https://rugbyamateur.fr/joueur/luca-iguiniz/
Nationale 2,Saint-Jean-de-Luz,Pierre JOUILLAT,Pilier,https://rugbyamateur.fr/joueur/pierre-jouillat/
Nationale 2,Saint-Jean-de-Luz,Yann LATRON,Ailier,https://rugbyamateur.fr/joueur/yann-latron/
Nationale 2,Saint-Jean-de-Luz,Clement LESBORDES,Arrière,https://rugbyamateur.fr/joueur/clement-lesbordes/
Nationale 2,Saint-Jean-de-Luz,Ximun LISSARDY,Deuxième ligne,https://rugbyamateur.fr/joueur/ximun-lissardy/
Nationale 2,Saint-Jean-de-Luz,Julen LUBERRIAGA,Troisième ligne,https://rugbyamateur.fr/joueur/julen-luberriaga/
Nationale 2,Saint-Jean-de-Luz,Julen MARTICORENA,Pilier,https://rugbyamateur.fr/joueur/julen-marticorena/
Nationale 2,Saint-Jean-de-Luz,Fabien PLOUVIER,Ailier,N/A
Nationale 2,Saint-Jean-de-Luz,Enaut ALBERDI LANA,N/A,https://rugbyamateur.fr/joueur/enaut-alberdi-lana/
Nationale 2,Saint-Jean-de-Luz,Julen ARIZTIZABAL,Talonneur,https://rugbyamateur.fr/joueur/julen-ariztizabal/
Nationale 2,Saint-Jean-de-Luz,Paul BAROS,Centre,https://rugbyamateur.fr/joueur/paul-baros/
Nationale 2,Saint-Jean-de-Luz,Amine BELHATTAL,N/A,https://rugbyamateur.fr/joueur/amine-belhattal/
Nationale 2,Saint-Jean-de-Luz,Amets CHAUDRON,Troisième ligne,https://rugbyamateur.fr/joueur/amets-chaudron/
Nationale 2,Saint-Jean-de-Luz,Luca CUEVAS SILVA,Ailier,https://rugbyamateur.fr/joueur/luca-cuevas-silva/
Nationale 2,Saint-Jean-de-Luz,Inaki DARRIEUSSECQ ARANZABAL,Deuxième ligne,https://rugbyamateur.fr/joueur/inaki-darrieussecq-aranzabal/
Nationale 2,Saint-Jean-de-Luz,Ekaitz DURANONA,Troisième ligne,https://rugbyamateur.fr/joueur/ekaitz-duranona/
Nationale 2,Saint-Jean-de-Luz,Theo ECHEVESTE,N/A,https://rugbyamateur.fr/joueur/theo-echeveste/
Nationale 2,Saint-Jean-de-Luz,Aimar ECHEVESTE ARISTIZABAL,Ailier,https://rugbyamateur.fr/joueur/aimar-echeveste-aristizabal/
Nationale 2,Saint-Jean-de-Luz,Aimar ESTEBAN,Pilier,https://rugbyamateur.fr/joueur/aimar-esteban/
Nationale 2,Saint-Jean-de-Luz,Julen GOIBURU,Deuxième ligne,https://rugbyamateur.fr/joueur/julen-goiburu/
Nationale 2,Saint-Jean-de-Luz,Paolo IRIGOYEN,Pilier,https://rugbyamateur.fr/joueur/paolo-irigoyen/
Nationale 2,Saint-Jean-de-Luz,Allande LABORDE MILAGE,Talonneur,https://rugbyamateur.fr/joueur/allande-laborde-milage/
Nationale 2,Saint-Jean-de-Luz,Ewan LITTLE ALDABE,Centre,https://rugbyamateur.fr/joueur/ewan-little-aldabe/
Nationale 2,Saint-Jean-de-Luz,Hector Javier MARQUEZ PONTILLO,N/A,N/A
Nationale 2,Saint-Jean-de-Luz,Oihan ALBISTUR,Demi de mêlée,https://rugbyamateur.fr/joueur/oihan-albistur/
Nationale 2,Saint-Jean-de-Luz,Ibon ALONSO JANDULA,N/A,https://rugbyamateur.fr/joueur/ibon-alonso-jandula/
Nationale 2,Saint-Jean-de-Luz,Rafael ALZUAGA,Demi de mêlée,https://rugbyamateur.fr/joueur/rafael-alzuaga/
Nationale 2,Saint-Jean-de-Luz,Oier ARRETXE GUTIERREZ,N/A,N/A
Nationale 2,Saint-Jean-de-Luz,Andoni AGUIRRE,N/A,https://rugbyamateur.fr/joueur/andoni-aguirre/
Nationale 2,Saint-Jean-de-Luz,Julien ARANAZ,Ailier,https://rugbyamateur.fr/joueur/julien-aranaz/
Nationale 2,Saint-Jean-de-Luz,Joan DARBOURE,Troisième ligne,https://rugbyamateur.fr/joueur/joan-darboure/
Nationale 2,Saint-Jean-de-Luz,Ernest DURAND,Deuxième ligne,https://rugbyamateur.fr/joueur/ernest-durand/
Nationale 2,Saint-Jean-de-Luz,Lutxo ETCHART CACOUTEGUY,Troisième ligne,https://rugbyamateur.fr/joueur/lutxo-etchart-cacouteguy/
Nationale 2,Saint-Jean-de-Luz,Luken GONCALVES DA ROCHA,Troisième ligne,https://rugbyamateur.fr/joueur/luken-goncalves-da-rocha/
Nationale 2,Saint-Jean-de-Luz,Iban HIRIBERRY,Talonneur,https://rugbyamateur.fr/joueur/iban-hiriberry/
Nationale 2,Saint-Jean-de-Luz,Diego ILHARREBORDE,Centre,https://rugbyamateur.fr/joueur/diego-ilharreborde/
Nationale 2,Saint-Jean-de-Luz,Gexan IRATZOQUI,Centre,https://rugbyamateur.fr/joueur/gexan-iratzoqui/
Nationale 2,Saint-Jean-de-Luz,Quentin LABRUQUERE,Pilier,N/A
Nationale 2,Genève,Mourad AKKAOUI,Pilier,https://rugbyamateur.fr/joueur/mourad-akkaoui/
Nationale 2,Genève,Keoni AVAIKI,Centre,https://rugbyamateur.fr/joueur/keoni-avaiki/
Nationale 2,Genève,Anton BASSET,Pilier,https://rugbyamateur.fr/joueur/anton-basset/
Nationale 2,Genève,Guillaume BENABDALLAH CROLAIS,Pilier,https://rugbyamateur.fr/joueur/guillaume-benabdallah-crolais/
Nationale 2,Genève,Kilian BENDJABALLAH,Troisième ligne,N/A
Nationale 2,Genève,Yanis ALOUANI,N/A,https://rugbyamateur.fr/joueur/yanis-alouani/
Nationale 2,Genève,Sacha AUDEMAR KAMLA,Centre,https://rugbyamateur.fr/joueur/sacha-audemar-kamla/
Nationale 2,Genève,Come BATISTA,Deuxième ligne,https://rugbyamateur.fr/joueur/come-batista/
Nationale 2,Genève,Ted BURKEL,Troisième ligne,https://rugbyamateur.fr/joueur/ted-burkel/
Nationale 2,Genève,Noa CANQUERY,Pilier,https://rugbyamateur.fr/joueur/noa-canquery/
Nationale 2,Genève,Calvin CARNOT,Troisième ligne,https://rugbyamateur.fr/joueur/calvin-carnot/
Nationale 2,Genève,Gabin DEPIGNY,Arrière,https://rugbyamateur.fr/joueur/gabin-depigny/
Nationale 2,Genève,Jed GODSON,Ailier,https://rugbyamateur.fr/joueur/jed-godson/
Nationale 2,Genève,David GONZALEZ,Arrière,https://rugbyamateur.fr/joueur/david-gonzalez/
Nationale 2,Genève,Esteban GRANJUX,Deuxième ligne,https://rugbyamateur.fr/joueur/esteban-granjux/
Nationale 2,Genève,Yoni HEUTTE,Troisième ligne,https://rugbyamateur.fr/joueur/yoni-heutte/
Nationale 2,Genève,Loris JORDAN,Troisième ligne,N/A
Nationale 2,Genève,Anastasija AFONICA,N/A,N/A
Nationale 2,Genève,Jean BAZIN DE JESSEY,N/A,https://rugbyamateur.fr/joueur/jean-bazin-de-jessey/
Nationale 2,Genève,Mario BESSONE GABALDON,N/A,https://rugbyamateur.fr/joueur/mario-bessone-gabaldon/
Nationale 2,Genève,Matteo BONNET,Centre,https://rugbyamateur.fr/joueur/matteo-bonnet/
Nationale 2,Genève,Mathis CLOPT,Troisième ligne,https://rugbyamateur.fr/joueur/mathis-clopt/
Nationale 2,Genève,Iain CRAW,Deuxième ligne,https://rugbyamateur.fr/joueur/iain-craw/
Nationale 2,Genève,Myles DE LA CHAISE,Pilier,https://rugbyamateur.fr/joueur/myles-de-la-chaise/
Nationale 2,Genève,Maceo DJIAN,Demi de mêlée,https://rugbyamateur.fr/joueur/maceo-djian/
Nationale 2,Genève,Imanol DUSSAUSSOIS,N/A,https://rugbyamateur.fr/joueur/imanol-dussaussois/
Nationale 2,Genève,Pedro Sebastian FEBLES,Pilier,https://rugbyamateur.fr/joueur/pedro-sebastian-febles/
Nationale 2,Genève,Francisco FERNANDEZ BAIGORRIA,Demi d&#039;ouverture,https://rugbyamateur.fr/joueur/francisco-fernandez-baigorria/
Nationale 2,Genève,Valentin GODET,Arrière,https://rugbyamateur.fr/joueur/valentin-godet/
Nationale 2,Genève,Valentin GRAND,Ailier,https://rugbyamateur.fr/joueur/valentin-grand/
Nationale 2,Genève,Nolan JAQUIER,Talonneur,https://rugbyamateur.fr/joueur/nolan-jaquier/
Nationale 2,Genève,Mael LERAY,Ailier,https://rugbyamateur.fr/joueur/mael-leray/
Nationale 2,Genève,Martin LOCATELLI,N/A,https://rugbyamateur.fr/joueur/martin-locatelli/
Nationale 2,Genève,Amane MIZUKAMI LE CAM,Troisième ligne,https://rugbyamateur.fr/joueur/amane-mizukami-le-cam/
Nationale 2,Genève,Marc MORGAN GUERRA,Centre,https://rugbyamateur.fr/joueur/marc-morgan-guerra/
Nationale 2,Genève,Mael NECIB NORELLI,Troisième ligne,https://rugbyamateur.fr/joueur/mael-necib-norelli/
Nationale 2,Genève,Nikita PUGIN,Deuxième ligne,https://rugbyamateur.fr/joueur/nikita-pugin/
Nationale 2,Genève,Arthur RAMOS MOTOLINIA,Deuxième ligne,https://rugbyamateur.fr/joueur/arthur-ramos-motolinia/
Nationale 2,Genève,Hugo RAMOS MOTOLINIA,Pilier,https://rugbyamateur.fr/joueur/hugo-ramos-motolinia/
Nationale 2,Genève,Nicolo REVILLOUD,Troisième ligne,https://rugbyamateur.fr/joueur/nicolo-revilloud/
Nationale 2,Genève,Alexandre RODRIGUES LIMA,Ailier,https://rugbyamateur.fr/joueur/alexandre-rodrigues-lima/
Nationale 2,Genève,Tristan ROUBICHOU,Deuxième ligne,https://rugbyamateur.fr/joueur/tristan-roubichou/
Nationale 2,Genève,Arthur SAUGE,N/A,https://rugbyamateur.fr/joueur/arthur-sauge/
Nationale 2,Genève,Charly SIMON,N/A,https://rugbyamateur.fr/joueur/charly-simon/
Nationale 2,Genève,Nolhan TOURELLE,N/A,https://rugbyamateur.fr/joueur/nolhan-tourelle/
Nationale 2,Saint-Médard-en-Jalles,Eva ALBERTI,Ailier,N/A
Nationale 2,Saint-Médard-en-Jalles,Mathis AIRAULT,N/A,N/A
Nationale 2,Saint-Médard-en-Jalles,Alexis BACQUEY,Talonneur,https://rugbyamateur.fr/joueur/alexis-bacquey/
Nationale 2,Saint-Médard-en-Jalles,Mateusz BARTOSZEK,Deuxième ligne,https://rugbyamateur.fr/joueur/mateusz-bartoszek/
Nationale 2,Saint-Médard-en-Jalles,Issa BASSONO,Ailier,https://rugbyamateur.fr/joueur/issa-bassono/
Nationale 2,Saint-Médard-en-Jalles,Clarence BIENES,Troisième ligne,https://rugbyamateur.fr/joueur/clarence-bienes/
Nationale 2,Saint-Médard-en-Jalles,Laijiasa BOLENAIVALU,Troisième ligne,https://rugbyamateur.fr/joueur/laijiasa-bolenaivalu/
Nationale 2,Saint-Médard-en-Jalles,Damien BONNET,Troisième ligne,https://rugbyamateur.fr/joueur/damien-bonnet/
Nationale 2,Saint-Médard-en-Jalles,Thomas BORDES,Talonneur,https://rugbyamateur.fr/joueur/thomas-bordes/
Nationale 2,Saint-Médard-en-Jalles,Romain BORKOWSKI,Talonneur,https://rugbyamateur.fr/joueur/romain-borkowski/
Nationale 2,Saint-Médard-en-Jalles,Pierre CADAUGADE MERLE,Centre,https://rugbyamateur.fr/joueur/pierre-cadaugade-merle/
Nationale 2,Saint-Médard-en-Jalles,Baptiste CADIOU,Demi de mêlée,https://rugbyamateur.fr/joueur/baptiste-cadiou/
Nationale 2,Saint-Médard-en-Jalles,Corentin DASSE,Ailier,https://rugbyamateur.fr/joueur/corentin-dasse/
Nationale 2,Saint-Médard-en-Jalles,Killian DEVILLE,Troisième ligne,N/A
Nationale 2,Saint-Médard-en-Jalles,Sinoa ABADIE,Ailier,https://rugbyamateur.fr/joueur/sinoa-abadie/
Nationale 2,Saint-Médard-en-Jalles,Malone ALVAREZ,Troisième ligne,https://rugbyamateur.fr/joueur/malone-alvarez/
Nationale 2,Saint-Médard-en-Jalles,Lennon ARBINA,Demi de mêlée,https://rugbyamateur.fr/joueur/lennon-arbina/
Nationale 2,Saint-Médard-en-Jalles,Romeo ASTIER GENTEUR,Centre,https://rugbyamateur.fr/joueur/romeo-astier-genteur/
Nationale 2,Saint-Médard-en-Jalles,Nathan BARDE,Ailier,https://rugbyamateur.fr/joueur/nathan-barde/
Nationale 2,Saint-Médard-en-Jalles,Gabin BERRY,Arrière,https://rugbyamateur.fr/joueur/gabin-berry/
Nationale 2,Saint-Médard-en-Jalles,Tom BRISSEAU,Talonneur,https://rugbyamateur.fr/joueur/tom-brisseau/
Nationale 2,Saint-Médard-en-Jalles,Tehani CESELLI,Ailier,https://rugbyamateur.fr/joueur/tehani-ceselli/
Nationale 2,Saint-Médard-en-Jalles,Jules CHABAUD,Arrière,https://rugbyamateur.fr/joueur/jules-chabaud/
Nationale 2,Saint-Médard-en-Jalles,Eneko CHAIGNET,Demi d&#039;ouverture,https://rugbyamateur.fr/joueur/eneko-chaignet/
Nationale 2,Saint-Médard-en-Jalles,Ethan DEDIEU GALEY,Troisième ligne,https://rugbyamateur.fr/joueur/ethan-dedieu-galey/
Nationale 2,Saint-Médard-en-Jalles,Antoine DUPUY,Ailier,https://rugbyamateur.fr/joueur/antoine-dupuy/
Nationale 2,Saint-Médard-en-Jalles,Alexis GOURET,Demi de mêlée,https://rugbyamateur.fr/joueur/alexis-gouret/
Nationale 2,Saint-Médard-en-Jalles,Mathis HARDOUIN,Pilier,https://rugbyamateur.fr/joueur/mathis-hardouin/
Nationale 2,Saint-Médard-en-Jalles,Zakary LAFITTE,Pilier,https://rugbyamateur.fr/joueur/zakary-lafitte/
Nationale 2,Saint-Médard-en-Jalles,Thibault LAFON,Troisième ligne,https://rugbyamateur.fr/joueur/thibault-lafon/
Nationale 2,Saint-Médard-en-Jalles,Jules LASALLE,Troisième ligne,https://rugbyamateur.fr/joueur/jules-lasalle/
Nationale 2,Saint-Médard-en-Jalles,Iban LAUVRAY LAFFAY,Pilier,https://rugbyamateur.fr/joueur/iban-lauvray-laffay/
Nationale 2,Saint-Médard-en-Jalles,Andrea LEBRE,Troisième ligne,https://rugbyamateur.fr/joueur/andrea-lebre/
Nationale 2,Saint-Médard-en-Jalles,Gabin LYONNET,Centre,https://rugbyamateur.fr/joueur/gabin-lyonnet/
Nationale 2,Saint-Médard-en-Jalles,Corentin PAULE,Deuxième ligne,https://rugbyamateur.fr/joueur/corentin-paule/
Nationale 2,Saint-Médard-en-Jalles,Martin RIBEIRO CARBOU,N/A,N/A
Nationale 2,Saint-Médard-en-Jalles,Martin ASTIER GENTEUR,Centre,https://rugbyamateur.fr/joueur/martin-astier-genteur/
Nationale 2,Saint-Médard-en-Jalles,Orson BALLET,N/A,https://rugbyamateur.fr/joueur/orson-ballet/
Nationale 2,Saint-Médard-en-Jalles,Sacha BALUTET,Talonneur,https://rugbyamateur.fr/joueur/sacha-balutet/
Nationale 2,Saint-Médard-en-Jalles,Timothee BARRET,Demi de mêlée,https://rugbyamateur.fr/joueur/timothee-barret/
Nationale 2,Saint-Médard-en-Jalles,Enzo BECARY,Arrière,https://rugbyamateur.fr/joueur/enzo-becary/
Nationale 2,Saint-Médard-en-Jalles,Louis BERRY,Deuxième ligne,https://rugbyamateur.fr/joueur/louis-berry/
Nationale 2,Saint-Médard-en-Jalles,Romuald BOUVIER,Troisième ligne,https://rugbyamateur.fr/joueur/romuald-bouvier/
Nationale 2,Saint-Médard-en-Jalles,Dorian COIRATON,Talonneur,https://rugbyamateur.fr/joueur/dorian-coiraton/
Nationale 2,Saint-Médard-en-Jalles,Elann COPPE,Demi d&#039;ouverture,https://rugbyamateur.fr/joueur/elann-coppe/
Nationale 2,Saint-Médard-en-Jalles,Leo COSNEFROY,Troisième ligne,https://rugbyamateur.fr/joueur/leo-cosnefroy/
Nationale 2,Saint-Médard-en-Jalles,Mahe DAO VAN LA BARGET,N/A,https://rugbyamateur.fr/joueur/mahe-dao-van-la-barget/
Nationale 2,Saint-Médard-en-Jalles,Ibrahima DIOP,Deuxième ligne,https://rugbyamateur.fr/joueur/ibrahima-diop/
Nationale 2,Saint-Médard-en-Jalles,Gabin DO VALE,Centre,https://rugbyamateur.fr/joueur/gabin-do-vale/
Nationale 2,Saint-Médard-en-Jalles,Axel DUPEU,Ailier,https://rugbyamateur.fr/joueur/axel-dupeu/
Nationale 2,Saint-Médard-en-Jalles,Martin ESCORNE,Troisième ligne,https://rugbyamateur.fr/joueur/martin-escorne/
Nationale 2,Saint-Médard-en-Jalles,Jules FAURE CIGAGNA,N/A,https://rugbyamateur.fr/joueur/jules-faure-cigagna/
Nationale 2,Saint-Médard-en-Jalles,Valentin GUYMARD,Ailier,https://rugbyamateur.fr/joueur/valentin-guymard/
Nationale 2,Saint-Médard-en-Jalles,Leny HUGON,Arrière,https://rugbyamateur.fr/joueur/leny-hugon/
Nationale 2,Saint-Médard-en-Jalles,Tom ITHURBIDE,Ailier,https://rugbyamateur.fr/joueur/tom-ithurbide/
Nationale 2,Saint-Médard-en-Jalles,William LANGLOIS,N/A,N/A
Nationale 2,Saint-Médard-en-Jalles,Romeo ASTIER GENTEUR,Centre,https://rugbyamateur.fr/joueur/romeo-astier-genteur/
Nationale 2,Saint-Médard-en-Jalles,Louka BENQUET,Pilier,https://rugbyamateur.fr/joueur/louka-benquet/
Nationale 2,Saint-Médard-en-Jalles,Aldric BILLOT,Talonneur,https://rugbyamateur.fr/joueur/aldric-billot/
Nationale 2,Saint-Médard-en-Jalles,Titouan BUGEAUD,Deuxième ligne,https://rugbyamateur.fr/joueur/titouan-bugeaud/
Nationale 2,Saint-Médard-en-Jalles,Jules CHABAUD,Arrière,https://rugbyamateur.fr/joueur/jules-chabaud/
Nationale 2,Saint-Médard-en-Jalles,Ewen CHAROLLAIS,N/A,https://rugbyamateur.fr/joueur/ewen-charollais/
Nationale 2,Saint-Médard-en-Jalles,Simeon DELATTRE,Demi de mêlée,https://rugbyamateur.fr/joueur/simeon-delattre/
Nationale 2,Saint-Médard-en-Jalles,Tom DESMAISON BOURBON,N/A,https://rugbyamateur.fr/joueur/tom-desmaison-bourbon/
Nationale 2,Saint-Médard-en-Jalles,Victor DUPRAT,Ailier,https://rugbyamateur.fr/joueur/victor-duprat/
Nationale 2,Saint-Médard-en-Jalles,Allan DUPRE,N/A,https://rugbyamateur.fr/joueur/allan-dupre/
Nationale 2,Saint-Médard-en-Jalles,Antoine DUPUY,Ailier,https://rugbyamateur.fr/joueur/antoine-dupuy/
Nationale 2,Saint-Médard-en-Jalles,Amaury GADIN,Centre,https://rugbyamateur.fr/joueur/amaury-gadin/
Nationale 2,Saint-Médard-en-Jalles,Sacha GUYMARD,Demi d&#039;ouverture,https://rugbyamateur.fr/joueur/sacha-guymard/
Nationale 2,Saint-Médard-en-Jalles,Matteo MANDER,Troisième ligne,https://rugbyamateur.fr/joueur/matteo-mander/
Nationale 2,Saint-Médard-en-Jalles,Loan MAURIOL,Troisième ligne,https://rugbyamateur.fr/joueur/loan-mauriol/
Nationale 2,Saint-Médard-en-Jalles,Remy MIGOUT,Pilier,https://rugbyamateur.fr/joueur/remy-migout/
Nationale 2,Saint-Médard-en-Jalles,Dorian NEUMANN,N/A,https://rugbyamateur.fr/joueur/dorian-neumann/
Nationale 2,Saint-Médard-en-Jalles,Ewan POUTEAU,N/A,https://rugbyamateur.fr/joueur/ewan-pouteau/
Nationale 2,Saint-Médard-en-Jalles,Eloy RUIBAL,Pilier,https://rugbyamateur.fr/joueur/eloy-ruibal/
Nationale 2,Saint-Médard-en-Jalles,Antone TAFANI SOLVICHE,Troisième ligne,https://rugbyamateur.fr/joueur/antone-tafani-solviche/
Nationale 2,Saint-Médard-en-Jalles,Enzo TURPIN,N/A,https://rugbyamateur.fr/joueur/enzo-turpin/
Nationale 2,Saint-Médard-en-Jalles,Charly VANOUCHE,N/A,https://rugbyamateur.fr/joueur/charly-vanouche/
Nationale 2,Saint-Médard-en-Jalles,Arno BACARISSE,Deuxième ligne,N/A
Nationale 2,Langon,Bastien BARBE,Troisième ligne,N/A
Nationale 2,Langon,Marius BARRAFITE,Pilier,https://rugbyamateur.fr/joueur/marius-barrafite/
Nationale 2,Langon,Mayron BATTOCCHIO RENARD,Troisième ligne,https://rugbyamateur.fr/joueur/mayron-battocchio-renard/
Nationale 2,Langon,Alexandre BEAUVIEUX,Pilier,https://rugbyamateur.fr/joueur/alexandre-beauvieux/
Nationale 2,Langon,Mael BERTRAND D AGOSTINO,Ailier,https://rugbyamateur.fr/joueur/mael-bertrand-d-agostino/
Nationale 2,Langon,Leo BOCHARD,Talonneur,https://rugbyamateur.fr/joueur/leo-bochard/
Nationale 2,Langon,Arthur BONS,Troisième ligne,https://rugbyamateur.fr/joueur/arthur-bons/
Nationale 2,Langon,Thomas BOURILLON,Demi de mêlée,https://rugbyamateur.fr/joueur/thomas-bourillon/
Nationale 2,Langon,Nassim CHERNI,Troisième ligne,https://rugbyamateur.fr/joueur/nassim-cherni/
Nationale 2,Langon,Lino CHILOU,Centre,https://rugbyamateur.fr/joueur/lino-chilou/
Nationale 2,Langon,Paul COURREGES,Demi de mêlée,https://rugbyamateur.fr/joueur/paul-courreges/
Nationale 2,Langon,Arthur CRUCHON,Deuxième ligne,https://rugbyamateur.fr/joueur/arthur-cruchon/
Nationale 2,Langon,Axel DESCAMPS LACOUR,Demi de mêlée,https://rugbyamateur.fr/joueur/axel-descamps-lacour/
Nationale 2,Langon,Tanguy DESMAISON,Arrière,https://rugbyamateur.fr/joueur/tanguy-desmaison/
Nationale 2,Langon,Sacha DUBIEF,Troisième ligne,https://rugbyamateur.fr/joueur/sacha-dubief/
Nationale 2,Langon,Jules DUCASSE,Troisième ligne,https://rugbyamateur.fr/joueur/jules-ducasse/
Nationale 2,Langon,Riyad ESSAMTI,Pilier,N/A
Nationale 2,Langon,Thomas ACQUIER,Talonneur,https://rugbyamateur.fr/joueur/thomas-acquier/
Nationale 2,Langon,Christel BERTRAND,Demi d&#039;ouverture,N/A
Nationale 2,Langon,Lola BALLOT,Troisième ligne,https://rugbyamateur.fr/joueur/lola-ballot/
Nationale 2,Langon,Zoe BAREYRE,Centre,N/A
Nationale 2,Langon,Mayron BATTOCCHIO RENARD,Troisième ligne,https://rugbyamateur.fr/joueur/mayron-battocchio-renard/
Nationale 2,Langon,Alexandre BEAUVIEUX,Pilier,https://rugbyamateur.fr/joueur/alexandre-beauvieux/
Nationale 2,Langon,Yanis BILLON,N/A,N/A
Nationale 2,Langon,Maxime AUBRY LONGO,N/A,https://rugbyamateur.fr/joueur/maxime-aubry-longo/
Nationale 2,Langon,Marius BENQUET PAYO,Ailier,https://rugbyamateur.fr/joueur/marius-benquet-payo/
Nationale 2,Langon,Jules BIROT,Centre,https://rugbyamateur.fr/joueur/jules-birot/
Nationale 2,Langon,Leo BOYER,N/A,https://rugbyamateur.fr/joueur/leo-boyer/
Nationale 2,Langon,Noe CIRELLI,N/A,N/A
Nationale 2,Stade Métropolitain,Hatem ABDESSAMAD,Deuxième ligne,https://rugbyamateur.fr/joueur/hatem-abdessamad/
Nationale 2,Stade Métropolitain,Morgan ALBELDA HAGAN,Deuxième ligne,https://rugbyamateur.fr/joueur/morgan-albelda-hagan/
Nationale 2,Stade Métropolitain,Jules BACONNIER,Deuxième ligne,https://rugbyamateur.fr/joueur/jules-baconnier/
Nationale 2,Stade Métropolitain,Noa BAGNIS,Ailier,https://rugbyamateur.fr/joueur/noa-bagnis/
Nationale 2,Stade Métropolitain,Adam BARBEY,Ailier,https://rugbyamateur.fr/joueur/adam-barbey/
Nationale 2,Stade Métropolitain,Rafael BARGAS,Troisième ligne,https://rugbyamateur.fr/joueur/rafael-bargas/
Nationale 2,Stade Métropolitain,Rayan BOUATTIA,Deuxième ligne,N/A
Nationale 2,Nantes,Alhasan AL KAROOSHI,Pilier,https://rugbyamateur.fr/joueur/alhasan-al-karooshi/
Nationale 2,Nantes,Dorian BAHOLET,N/A,N/A
Nationale 2,Nantes,Clement AIRIAU,Ailier,https://rugbyamateur.fr/joueur/clement-airiau/
Nationale 2,Nantes,Tino ARBELOA OSES,Demi d&#039;ouverture,https://rugbyamateur.fr/joueur/tino-arbeloa-oses/
Nationale 2,Nantes,Lylian BOURON,Deuxième ligne,https://rugbyamateur.fr/joueur/lylian-bouron/
Nationale 2,Nantes,Mae DIXNEUF,Deuxième ligne,https://rugbyamateur.fr/joueur/mae-dixneuf/
Nationale 2,Nantes,Abel GILBERT,Arrière,https://rugbyamateur.fr/joueur/abel-gilbert/
Nationale 2,Nantes,Ilyes HABIBI,Pilier,https://rugbyamateur.fr/joueur/ilyes-habibi/
Nationale 2,Nantes,Kilyann LEBRASSEUR,Demi de mêlée,https://rugbyamateur.fr/joueur/kilyann-lebrasseur/
Nationale 2,Nantes,Mathis LEBRASSEUR,Demi de mêlée,https://rugbyamateur.fr/joueur/mathis-lebrasseur/
Nationale 2,Nantes,Simon LEROUX,Pilier,https://rugbyamateur.fr/joueur/simon-leroux/
Nationale 2,Nantes,Thomas LUCAS,Talonneur,https://rugbyamateur.fr/joueur/thomas-lucas/
Nationale 2,Nantes,Mae Gaston Jean PIDOUX,Centre,https://rugbyamateur.fr/joueur/mae-gaston-jean-pidoux/
Nationale 2,Nantes,Elouan VALOT,Pilier,https://rugbyamateur.fr/joueur/elouan-valot/
Nationale 2,Nantes,Diego ARBELOA OSES,Demi d&#039;ouverture,N/A
Nationale 2,Salles,Corentin BERDET,Centre,https://rugbyamateur.fr/joueur/corentin-berdet/
Nationale 2,Salles,Teddy BORDES,Ailier,https://rugbyamateur.fr/joueur/teddy-bordes/
Nationale 2,Salles,Quentin BOUTEILLE,Troisième ligne,https://rugbyamateur.fr/joueur/quentin-bouteille/
Nationale 2,Salles,Jules CHAMBADE,Pilier,https://rugbyamateur.fr/joueur/jules-chambade/
Nationale 2,Salles,Kilian COTHENET,Talonneur,https://rugbyamateur.fr/joueur/kilian-cothenet/
Nationale 2,Salles,Nolann DAUDIGNON,Demi de mêlée,https://rugbyamateur.fr/joueur/nolann-daudignon/
Nationale 2,Salles,Noa DRILHOL,Centre,https://rugbyamateur.fr/joueur/noa-drilhol/
Nationale 2,Salles,Arthur DUCKMAN,Pilier,N/A
Nationale 2,Salles,Hugo BARRERO,Demi d&#039;ouverture,https://rugbyamateur.fr/joueur/hugo-barrero/
Nationale 2,Salles,Hugo BELPAUME,N/A,https://rugbyamateur.fr/joueur/hugo-belpaume/
Nationale 2,Salles,Noe BENOIST,Pilier,https://rugbyamateur.fr/joueur/noe-benoist/
Nationale 2,Salles,Charly BEYSSAC,Troisième ligne,https://rugbyamateur.fr/joueur/charly-beyssac/
Nationale 2,Salles,Pierre CHAUVET,Ailier,N/A
Nationale 2,Salles,Luis ABEIJON,N/A,N/A
Nationale 2,La Seyne-sur-Mer,Timeo AIELLO,Pilier,https://rugbyamateur.fr/joueur/timeo-aiello/
Nationale 2,La Seyne-sur-Mer,Noah ALI BAKO CADET,Deuxième ligne,N/A
Nationale 2,Tyrosse,Gabin BELLOCQ,Centre,https://rugbyamateur.fr/joueur/gabin-bellocq/
Nationale 2,Tyrosse,Diego BONELLO,Centre,https://rugbyamateur.fr/joueur/diego-bonello/
Nationale 2,Tyrosse,Noah BONNET PIRON,Arrière,https://rugbyamateur.fr/joueur/noah-bonnet-piron/
Nationale 2,Tyrosse,Hugo CASTEX,Deuxième ligne,https://rugbyamateur.fr/joueur/hugo-castex/
Nationale 2,Tyrosse,Hugo CAUSSE,Talonneur,https://rugbyamateur.fr/joueur/hugo-causse/
Nationale 2,Tyrosse,Leho DUSSANS,Troisième ligne,https://rugbyamateur.fr/joueur/leho-dussans/
Nationale 2,Tyrosse,Elouan ETCHENIC,N/A,https://rugbyamateur.fr/joueur/elouan-etchenic/
Nationale 2,Tyrosse,Jean FERRAND,Troisième ligne,https://rugbyamateur.fr/joueur/jean-ferrand/
Nationale 2,Tyrosse,Ezio GORLA,Ailier,https://rugbyamateur.fr/joueur/ezio-gorla/
Nationale 2,Tyrosse,Jean LACHEVRE,Deuxième ligne,https://rugbyamateur.fr/joueur/jean-lachevre/
Nationale 2,Tyrosse,Tom LAFITTE,Talonneur,https://rugbyamateur.fr/joueur/tom-lafitte/
Nationale 2,Tyrosse,Ugo LAFONTAN,Deuxième ligne,https://rugbyamateur.fr/joueur/ugo-lafontan/
Nationale 2,Tyrosse,Mathis LAMI,N/A,https://rugbyamateur.fr/joueur/mathis-lami/
Nationale 2,Tyrosse,Arthur LIBIER,N/A,https://rugbyamateur.fr/joueur/arthur-libier/
Nationale 2,Tyrosse,Paul LIBIER,Demi de mêlée,https://rugbyamateur.fr/joueur/paul-libier/
Nationale 2,Tyrosse,Matis MACIA,Ailier,https://rugbyamateur.fr/joueur/matis-macia/
Nationale 2,Tyrosse,Lucien MAGNE,Deuxième ligne,https://rugbyamateur.fr/joueur/lucien-magne/
Nationale 2,Tyrosse,Hugo MAISONNAVE,Pilier,https://rugbyamateur.fr/joueur/hugo-maisonnave/
Nationale 2,Tyrosse,Paul MAURIN,Demi d&#039;ouverture,https://rugbyamateur.fr/joueur/paul-maurin/
Nationale 2,Tyrosse,Arthur NOEL,Centre,https://rugbyamateur.fr/joueur/arthur-noel/
Nationale 2,Tyrosse,Matheo PAMART,Pilier,https://rugbyamateur.fr/joueur/matheo-pamart/
Nationale 2,Tyrosse,Timeo PARENT,Demi de mêlée,https://rugbyamateur.fr/joueur/timeo-parent/
Nationale 2,Tyrosse,Gabin PINAQUY,Troisième ligne,https://rugbyamateur.fr/joueur/gabin-pinaquy/
Nationale 2,Tyrosse,Victor PINSOLLE,Ailier,https://rugbyamateur.fr/joueur/victor-pinsolle/
Nationale 2,Tyrosse,Nolan SAMATAN,Talonneur,https://rugbyamateur.fr/joueur/nolan-samatan/
Nationale 2,Tyrosse,Roman SIROT,N/A,N/A
Nationale 2,Tyrosse,Paul AMPRIMO,Arrière,https://rugbyamateur.fr/joueur/paul-amprimo/
Nationale 2,Tyrosse,Timeo ARRANNO MATHURIN,Ailier,N/A
Nationale 2,Tyrosse,Timeo BASCOU,Troisième ligne,https://rugbyamateur.fr/joueur/timeo-bascou/
Nationale 2,Tyrosse,Hugo CASTEX,Deuxième ligne,https://rugbyamateur.fr/joueur/hugo-castex/
Nationale 2,Tyrosse,Hugo CAUSSE,Talonneur,https://rugbyamateur.fr/joueur/hugo-causse/
Nationale 2,Tyrosse,Arthur COCRELLE,N/A,https://rugbyamateur.fr/joueur/arthur-cocrelle/
Nationale 2,Tyrosse,Julian DAMESTOY,N/A,https://rugbyamateur.fr/joueur/julian-damestoy/
Nationale 2,Tyrosse,Jonah DEHAS,Demi d&#039;ouverture,https://rugbyamateur.fr/joueur/jonah-dehas/
Nationale 2,Tyrosse,Nohan DEMENE,Centre,https://rugbyamateur.fr/joueur/nohan-demene/
Nationale 2,Tyrosse,Max DI NOCERA OWEN,Pilier,https://rugbyamateur.fr/joueur/max-di-nocera-owen/
Nationale 2,Tyrosse,Jules GATEAU,N/A,https://rugbyamateur.fr/joueur/jules-gateau/
Nationale 2,Tyrosse,Bixente HAJOWJI,Pilier,https://rugbyamateur.fr/joueur/bixente-hajowji/
Nationale 2,Tyrosse,Amaiur HAZARCA SAPARRART,Ailier,https://rugbyamateur.fr/joueur/amaiur-hazarca-saparrart/
Nationale 2,Tyrosse,Ewenn LAZENNEC,Arrière,https://rugbyamateur.fr/joueur/ewenn-lazennec/
Nationale 2,Tyrosse,Leho LE GALL,Demi de mêlée,https://rugbyamateur.fr/joueur/leho-le-gall/
Nationale 2,Tyrosse,Matis MACIA,Ailier,https://rugbyamateur.fr/joueur/matis-macia/
Nationale 2,Tyrosse,Theo MARCHAND,Deuxième ligne,https://rugbyamateur.fr/joueur/theo-marchand/
Nationale 2,Tyrosse,Jon OLHAGARAY,Troisième ligne,https://rugbyamateur.fr/joueur/jon-olhagaray/
Nationale 2,Tyrosse,Martin SAPHORE,Centre,https://rugbyamateur.fr/joueur/martin-saphore/
Nationale 2,Tyrosse,Thinley VAESEN AUDEGON,N/A,https://rugbyamateur.fr/joueur/thinley-vaesen-audegon/
Nationale 2,Tyrosse,Enzo ZORZETTI,Troisième ligne,https://rugbyamateur.fr/joueur/enzo-zorzetti/
Nationale 2,Marmande,Thomas ACQUIER,Talonneur,https://rugbyamateur.fr/joueur/thomas-acquier/
Nationale 2,Marmande,Helano ALBERTO,Troisième ligne,https://rugbyamateur.fr/joueur/helano-alberto/
Nationale 2,Marmande,Juan ARAUJO BORGOGNO,Ailier,https://rugbyamateur.fr/joueur/juan-araujo-borgogno/
Nationale 2,Marmande,Antoine BAZZO,Arrière,N/A
